{
  "get": "odds",
  "parameters": {
    "game": "169992"
  },
  "errors": [],
  "results": 1,
  "response": [
    {
      "league": {
        "id": 63,
        "name": "Liga Elite",
        "type": "League",
        "season": 2025,
        "logo": "https://media.api-sports.io/baseball/leagues/63.png"
      },
      "country": {
        "id": 7,
        "name": "Cuba",
        "code": "CU",
        "flag": "https://media.api-sports.io/flags/cu.svg"
      },
      "game": {
        "id": 169992,
        "date": "2025-05-12T18:00:00+00:00",
        "time": "18:00",
        "timestamp": 1747072800,
        "timezone": "UTC",
        "week": null,
        "status": {
          "long": "Finished",
          "short": "FT"
        },
        "country": {
          "id": 7,
          "name": "Cuba",
          "code": "CU",
          "flag": "https://media.api-sports.io/flags/cu.svg"
        },
        "league": {
          "id": 63,
          "name": "Liga Elite",
          "type": "League",
          "season": 2025,
          "logo": "https://media.api-sports.io/baseball/leagues/63.png"
        },
        "teams": {
          "home": {
            "id": 135,
            "name": "Santiago de Cuba",
            "logo": "https://media.api-sports.io/baseball/teams/135.png"
          },
          "away": {
            "id": 130,
            "name": "Las Tunas",
            "logo": "https://media.api-sports.io/baseball/teams/130.png"
          }
        },
        "scores": {
          "home": {
            "hits": null,
            "errors": null,
            "innings": {
              "1": 0,
              "2": 1,
              "3": 3,
              "4": 1,
              "5": 0,
              "6": 7,
              "7": 0,
              "8": null,
              "9": null,
              "extra": null
            },
            "total": 12
          },
          "away": {
            "hits": null,
            "errors": null,
            "innings": {
              "1": 0,
              "2": 1,
              "3": 1,
              "4": 0,
              "5": 0,
              "6": 0,
              "7": 0,
              "8": null,
              "9": null,
              "extra": null
            },
            "total": 2
          }
        }
      },
      "bookmakers": [
        {
          "id": 2,
          "name": "Bet365",
          "bets": [
            {
              "id": 1,
              "name": "Home/Away",
              "values": [
                {
                  "value": "Home",
                  "odd": "2.30"
                },
                {
                  "value": "Away",
                  "odd": "1.57"
                }
              ]
            },
            {
              "id": 2,
              "name": "Asian Handicap",
              "values": [
                {
                  "value": "Home +1.5",
                  "odd": "1.95"
                },
                {
                  "value": "Away +1.5",
                  "odd": "1.74"
                }
              ]
            },
            {
              "id": 5,
              "name": "Over/Under",
              "values": [
                {
                  "value": "Over 13.5",
                  "odd": "1.83"
                },
                {
                  "value": "Under 13.5",
                  "odd": "1.83"
                }
              ]
            }
          ]
        },
        {
          "id": 10,
          "name": "Marathon",
          "bets": [
            {
              "id": 1,
              "name": "Home/Away",
              "values": [
                {
                  "value": "Home",
                  "odd": "2.28"
                },
                {
                  "value": "Away",
                  "odd": "1.53"
                }
              ]
            },
            {
              "id": 2,
              "name": "Asian Handicap",
              "values": [
                {
                  "value": "Home -1",
                  "odd": "2.78"
                },
                {
                  "value": "Away -1",
                  "odd": "1.34"
                },
                {
                  "value": "Home +1",
                  "odd": "2.08"
                },
                {
                  "value": "Away +1",
                  "odd": "1.60"
                },
                {
                  "value": "Home +2",
                  "odd": "1.80"
                },
                {
                  "value": "Away +2",
                  "odd": "1.82"
                },
                {
                  "value": "Home +3",
                  "odd": "1.58"
                },
                {
                  "value": "Away +3",
                  "odd": "2.12"
                },
                {
                  "value": "Home +1.5",
                  "odd": "1.93"
                },
                {
                  "value": "Away +1.5",
                  "odd": "1.74"
                },
                {
                  "value": "Home +2.5",
                  "odd": "1.69"
                },
                {
                  "value": "Away +2.5",
                  "odd": "1.95"
                }
              ]
            },
            {
              "id": 5,
              "name": "Over/Under",
              "values": [
                {
                  "value": "Over 12.5",
                  "odd": "1.59"
                },
                {
                  "value": "Under 12.5",
                  "odd": "2.10"
                },
                {
                  "value": "Over 13.5",
                  "odd": "1.84"
                },
                {
                  "value": "Under 13.5",
                  "odd": "1.82"
                },
                {
                  "value": "Over 14.5",
                  "odd": "2.06"
                },
                {
                  "value": "Under 14.5",
                  "odd": "1.62"
                },
                {
                  "value": "Over 13",
                  "odd": "1.69"
                },
                {
                  "value": "Under 13",
                  "odd": "1.95"
                },
                {
                  "value": "Over 14",
                  "odd": "1.94"
                },
                {
                  "value": "Under 14",
                  "odd": "1.70"
                },
                {
                  "value": "Over 15",
                  "odd": "2.26"
                },
                {
                  "value": "Under 15",
                  "odd": "1.51"
                }
              ]
            },
            {
              "id": 9,
              "name": "Odd/Even (Including OT)",
              "values": [
                {
                  "value": "Odd",
                  "odd": "1.61"
                },
                {
                  "value": "Even",
                  "odd": "2.07"
                }
              ]
            },
            {
              "id": 10,
              "name": "1x2 (1st Inning)",
              "values": [
                {
                  "value": "Home",
                  "odd": "3.38"
                },
                {
                  "value": "Draw",
                  "odd": "2.13"
                },
                {
                  "value": "Away",
                  "odd": "2.76"
                }
              ]
            },
            {
              "id": 3,
              "name": "Asian Handicap (1st 5 Innings)",
              "values": [
                {
                  "value": "Home +0",
                  "odd": "2.14"
                },
                {
                  "value": "Away +0",
                  "odd": "1.57"
                }
              ]
            },
            {
              "id": 29,
              "name": "1x2 (1st 5 Innings)",
              "values": [
                {
                  "value": "Home",
                  "odd": "2.38"
                },
                {
                  "value": "Draw",
                  "odd": "7.80"
                },
                {
                  "value": "Away",
                  "odd": "1.72"
                }
              ]
            },
            {
              "id": 11,
              "name": "Over/Under (1st Inning)",
              "values": [
                {
                  "value": "Over 1.5",
                  "odd": "2.21"
                },
                {
                  "value": "Under 1.5",
                  "odd": "1.53"
                },
                {
                  "value": "Over 2.5",
                  "odd": "3.34"
                },
                {
                  "value": "Under 2.5",
                  "odd": "1.24"
                },
                {
                  "value": "Over 0.5",
                  "odd": "1.48"
                },
                {
                  "value": "Under 0.5",
                  "odd": "2.33"
                }
              ]
            },
            {
              "id": 12,
              "name": "Asian Handicap (1st Inning)",
              "values": [
                {
                  "value": "Home +0",
                  "odd": "2.00"
                },
                {
                  "value": "Away +0",
                  "odd": "1.65"
                },
                {
                  "value": "Home +1.5",
                  "odd": "1.13"
                },
                {
                  "value": "Away +1.5",
                  "odd": "4.55"
                }
              ]
            },
            {
              "id": 43,
              "name": "Home Team Total Goals (Including OT)",
              "values": [
                {
                  "value": "Over 5.5",
                  "odd": "1.81"
                },
                {
                  "value": "Under 5.5",
                  "odd": "1.81"
                }
              ]
            },
            {
              "id": 44,
              "name": "Away Team Total Goals (Including OT)",
              "values": [
                {
                  "value": "Over 7.5",
                  "odd": "1.82"
                },
                {
                  "value": "Under 7.5",
                  "odd": "1.80"
                }
              ]
            }
          ]
        },
        {
          "id": 5,
          "name": "SBO",
          "bets": [
            {
              "id": 1,
              "name": "Home/Away",
              "values": [
                {
                  "value": "Home",
                  "odd": "2.23"
                },
                {
                  "value": "Away",
                  "odd": "1.54"
                }
              ]
            },
            {
              "id": 2,
              "name": "Asian Handicap",
              "values": [
                {
                  "value": "Home -1",
                  "odd": "2.78"
                },
                {
                  "value": "Away -1",
                  "odd": "1.34"
                },
                {
                  "value": "Home +1",
                  "odd": "2.09"
                },
                {
                  "value": "Away +1",
                  "odd": "1.61"
                },
                {
                  "value": "Home +2",
                  "odd": "1.82"
                },
                {
                  "value": "Away +2",
                  "odd": "1.84"
                },
                {
                  "value": "Home +3",
                  "odd": "1.59"
                },
                {
                  "value": "Away +3",
                  "odd": "2.13"
                },
                {
                  "value": "Home +1.5",
                  "odd": "1.93"
                },
                {
                  "value": "Away +1.5",
                  "odd": "1.73"
                },
                {
                  "value": "Home +2.5",
                  "odd": "1.70"
                },
                {
                  "value": "Away +2.5",
                  "odd": "1.98"
                }
              ]
            },
            {
              "id": 5,
              "name": "Over/Under",
              "values": [
                {
                  "value": "Over 12.5",
                  "odd": "1.59"
                },
                {
                  "value": "Under 12.5",
                  "odd": "2.13"
                },
                {
                  "value": "Over 13.5",
                  "odd": "1.83"
                },
                {
                  "value": "Under 13.5",
                  "odd": "1.83"
                },
                {
                  "value": "Over 14.5",
                  "odd": "2.08"
                },
                {
                  "value": "Under 14.5",
                  "odd": "1.62"
                },
                {
                  "value": "Over 13",
                  "odd": "1.70"
                },
                {
                  "value": "Under 13",
                  "odd": "1.98"
                },
                {
                  "value": "Over 14",
                  "odd": "1.95"
                },
                {
                  "value": "Under 14",
                  "odd": "1.71"
                },
                {
                  "value": "Over 15",
                  "odd": "2.29"
                },
                {
                  "value": "Under 15",
                  "odd": "1.51"
                }
              ]
            }
          ]
        },
        {
          "id": 1,
          "name": "1xbet",
          "bets": [
            {
              "id": 1,
              "name": "Home/Away",
              "values": [
                {
                  "value": "Home",
                  "odd": "2.28"
                },
                {
                  "value": "Away",
                  "odd": "1.55"
                }
              ]
            },
            {
              "id": 2,
              "name": "Asian Handicap",
              "values": [
                {
                  "value": "Home -1",
                  "odd": "2.78"
                },
                {
                  "value": "Away -1",
                  "odd": "1.34"
                },
                {
                  "value": "Home +1",
                  "odd": "2.08"
                },
                {
                  "value": "Away +1",
                  "odd": "1.60"
                },
                {
                  "value": "Home +2",
                  "odd": "1.80"
                },
                {
                  "value": "Away +2",
                  "odd": "1.82"
                },
                {
                  "value": "Home +3",
                  "odd": "1.58"
                },
                {
                  "value": "Away +3",
                  "odd": "2.12"
                },
                {
                  "value": "Home +1.5",
                  "odd": "1.93"
                },
                {
                  "value": "Away +1.5",
                  "odd": "1.74"
                },
                {
                  "value": "Home +2.5",
                  "odd": "1.69"
                },
                {
                  "value": "Away +2.5",
                  "odd": "1.95"
                }
              ]
            },
            {
              "id": 5,
              "name": "Over/Under",
              "values": [
                {
                  "value": "Over 12.5",
                  "odd": "1.59"
                },
                {
                  "value": "Under 12.5",
                  "odd": "2.10"
                },
                {
                  "value": "Over 13.5",
                  "odd": "1.84"
                },
                {
                  "value": "Under 13.5",
                  "odd": "1.82"
                },
                {
                  "value": "Over 14.5",
                  "odd": "2.06"
                },
                {
                  "value": "Under 14.5",
                  "odd": "1.62"
                },
                {
                  "value": "Over 13",
                  "odd": "1.69"
                },
                {
                  "value": "Under 13",
                  "odd": "1.95"
                },
                {
                  "value": "Over 14",
                  "odd": "1.94"
                },
                {
                  "value": "Under 14",
                  "odd": "1.70"
                },
                {
                  "value": "Over 15",
                  "odd": "2.26"
                },
                {
                  "value": "Under 15",
                  "odd": "1.51"
                }
              ]
            },
            {
              "id": 9,
              "name": "Odd/Even (Including OT)",
              "values": [
                {
                  "value": "Odd",
                  "odd": "1.61"
                },
                {
                  "value": "Even",
                  "odd": "2.07"
                }
              ]
            },
            {
              "id": 10,
              "name": "1x2 (1st Inning)",
              "values": [
                {
                  "value": "Home",
                  "odd": "3.52"
                },
                {
                  "value": "Draw",
                  "odd": "2.13"
                },
                {
                  "value": "Away",
                  "odd": "2.78"
                }
              ]
            },
            {
              "id": 3,
              "name": "Asian Handicap (1st 5 Innings)",
              "values": [
                {
                  "value": "Home +0",
                  "odd": "2.14"
                },
                {
                  "value": "Away +0",
                  "odd": "1.57"
                }
              ]
            },
            {
              "id": 29,
              "name": "1x2 (1st 5 Innings)",
              "values": [
                {
                  "value": "Home",
                  "odd": "2.42"
                },
                {
                  "value": "Draw",
                  "odd": "7.80"
                },
                {
                  "value": "Away",
                  "odd": "1.74"
                }
              ]
            },
            {
              "id": 11,
              "name": "Over/Under (1st Inning)",
              "values": [
                {
                  "value": "Over 1.5",
                  "odd": "2.21"
                },
                {
                  "value": "Under 1.5",
                  "odd": "1.53"
                },
                {
                  "value": "Over 2.5",
                  "odd": "3.34"
                },
                {
                  "value": "Under 2.5",
                  "odd": "1.24"
                },
                {
                  "value": "Over 0.5",
                  "odd": "1.48"
                },
                {
                  "value": "Under 0.5",
                  "odd": "2.33"
                }
              ]
            },
            {
              "id": 12,
              "name": "Asian Handicap (1st Inning)",
              "values": [
                {
                  "value": "Home +0",
                  "odd": "2.00"
                },
                {
                  "value": "Away +0",
                  "odd": "1.65"
                },
                {
                  "value": "Home +1.5",
                  "odd": "1.13"
                },
                {
                  "value": "Away +1.5",
                  "odd": "4.55"
                }
              ]
            },
            {
              "id": 43,
              "name": "Home Team Total Goals (Including OT)",
              "values": [
                {
                  "value": "Over 5.5",
                  "odd": "1.81"
                },
                {
                  "value": "Under 5.5",
                  "odd": "1.81"
                }
              ]
            },
            {
              "id": 44,
              "name": "Away Team Total Goals (Including OT)",
              "values": [
                {
                  "value": "Over 7.5",
                  "odd": "1.82"
                },
                {
                  "value": "Under 7.5",
                  "odd": "1.80"
                }
              ]
            }
          ]
        }
      ]
    }
  ]
}