{
  "get": "odds",
  "parameters": {
    "game": "169180"
  },
  "errors": [],
  "results": 1,
  "response": [
    {
      "league": {
        "id": 21,
        "name": "LMB",
        "type": "League",
        "season": 2025,
        "logo": "https://media.api-sports.io/baseball/leagues/21.png"
      },
      "country": {
        "id": 15,
        "name": "Mexico",
        "code": "MX",
        "flag": "https://media.api-sports.io/flags/mx.svg"
      },
      "game": {
        "id": 169180,
        "date": "2025-05-12T00:30:00+00:00",
        "time": "00:30",
        "timestamp": 1747009800,
        "timezone": "UTC",
        "week": null,
        "status": {
          "long": "Finished",
          "short": "FT"
        },
        "country": {
          "id": 15,
          "name": "Mexico",
          "code": "MX",
          "flag": "https://media.api-sports.io/flags/mx.svg"
        },
        "league": {
          "id": 21,
          "name": "LMB",
          "type": "League",
          "season": 2025,
          "logo": "https://media.api-sports.io/baseball/leagues/21.png"
        },
        "teams": {
          "home": {
            "id": 285,
            "name": "Laguna",
            "logo": "https://media.api-sports.io/baseball/teams/285.png"
          },
          "away": {
            "id": 297,
            "name": "Toros de Tijuana",
            "logo": "https://media.api-sports.io/baseball/teams/297.png"
          }
        },
        "scores": {
          "home": {
            "hits": 4,
            "errors": 1,
            "innings": {
              "1": 0,
              "2": 0,
              "3": 0,
              "4": 0,
              "5": 0,
              "6": 2,
              "7": 0,
              "8": 0,
              "9": 0,
              "extra": null
            },
            "total": 2
          },
          "away": {
            "hits": 12,
            "errors": 0,
            "innings": {
              "1": 0,
              "2": 0,
              "3": 0,
              "4": 1,
              "5": 1,
              "6": 1,
              "7": 4,
              "8": 3,
              "9": 0,
              "extra": null
            },
            "total": 10
          }
        }
      },
      "bookmakers": [
        {
          "id": 22,
          "name": "WilliamHill",
          "bets": [
            {
              "id": 1,
              "name": "Home/Away",
              "values": [
                {
                  "value": "Home",
                  "odd": "1.80"
                },
                {
                  "value": "Away",
                  "odd": "1.95"
                }
              ]
            }
          ]
        },
        {
          "id": 2,
          "name": "Bet365",
          "bets": [
            {
              "id": 1,
              "name": "Home/Away",
              "values": [
                {
                  "value": "Home",
                  "odd": "1.83"
                },
                {
                  "value": "Away",
                  "odd": "1.83"
                }
              ]
            },
            {
              "id": 2,
              "name": "Asian Handicap",
              "values": [
                {
                  "value": "Home -1.5",
                  "odd": "2.60"
                },
                {
                  "value": "Away -1.5",
                  "odd": "1.45"
                }
              ]
            },
            {
              "id": 5,
              "name": "Over/Under",
              "values": [
                {
                  "value": "Over 10.5",
                  "odd": "1.83"
                },
                {
                  "value": "Under 10.5",
                  "odd": "1.83"
                }
              ]
            }
          ]
        },
        {
          "id": 10,
          "name": "Marathon",
          "bets": [
            {
              "id": 1,
              "name": "Home/Away",
              "values": [
                {
                  "value": "Home",
                  "odd": "1.85"
                },
                {
                  "value": "Away",
                  "odd": "1.92"
                }
              ]
            },
            {
              "id": 2,
              "name": "Asian Handicap",
              "values": [
                {
                  "value": "Home -1",
                  "odd": "2.23"
                },
                {
                  "value": "Away -1",
                  "odd": "1.58"
                },
                {
                  "value": "Home +1",
                  "odd": "1.65"
                },
                {
                  "value": "Away +1",
                  "odd": "2.13"
                },
                {
                  "value": "Home +2",
                  "odd": "1.42"
                },
                {
                  "value": "Away +2",
                  "odd": "2.69"
                },
                {
                  "value": "Home -1.5",
                  "odd": "2.61"
                },
                {
                  "value": "Away -1.5",
                  "odd": "1.42"
                },
                {
                  "value": "Home +3",
                  "odd": "1.26"
                },
                {
                  "value": "Away +3",
                  "odd": "3.40"
                },
                {
                  "value": "Home +1.5",
                  "odd": "1.55"
                },
                {
                  "value": "Away +1.5",
                  "odd": "2.36"
                },
                {
                  "value": "Home +2.5",
                  "odd": "1.36"
                },
                {
                  "value": "Away +2.5",
                  "odd": "2.89"
                }
              ]
            },
            {
              "id": 5,
              "name": "Over/Under",
              "values": [
                {
                  "value": "Over 9",
                  "odd": "1.50"
                },
                {
                  "value": "Under 9",
                  "odd": "2.38"
                },
                {
                  "value": "Over 9.5",
                  "odd": "1.67"
                },
                {
                  "value": "Under 9.5",
                  "odd": "2.08"
                },
                {
                  "value": "Over 10",
                  "odd": "1.78"
                },
                {
                  "value": "Under 10",
                  "odd": "1.95"
                },
                {
                  "value": "Over 10.5",
                  "odd": "1.91"
                },
                {
                  "value": "Under 10.5",
                  "odd": "1.84"
                },
                {
                  "value": "Over 11",
                  "odd": "2.11"
                },
                {
                  "value": "Under 11",
                  "odd": "1.67"
                },
                {
                  "value": "Over 11.5",
                  "odd": "2.27"
                },
                {
                  "value": "Under 11.5",
                  "odd": "1.56"
                },
                {
                  "value": "Over 12",
                  "odd": "2.49"
                },
                {
                  "value": "Under 12",
                  "odd": "1.46"
                }
              ]
            },
            {
              "id": 9,
              "name": "Odd/Even (Including OT)",
              "values": [
                {
                  "value": "Odd",
                  "odd": "1.57"
                },
                {
                  "value": "Even",
                  "odd": "2.22"
                }
              ]
            },
            {
              "id": 10,
              "name": "1x2 (1st Inning)",
              "values": [
                {
                  "value": "Home",
                  "odd": "3.48"
                },
                {
                  "value": "Draw",
                  "odd": "1.86"
                },
                {
                  "value": "Away",
                  "odd": "3.54"
                }
              ]
            },
            {
              "id": 33,
              "name": "First Team To Score",
              "values": [
                {
                  "value": "Home",
                  "odd": "2.20"
                },
                {
                  "value": "Away",
                  "odd": "1.58"
                }
              ]
            },
            {
              "id": 45,
              "name": "Last Team To Score",
              "values": [
                {
                  "value": "Home",
                  "odd": "1.71"
                },
                {
                  "value": "Away",
                  "odd": "1.99"
                }
              ]
            },
            {
              "id": 32,
              "name": "Extra Innings",
              "values": [
                {
                  "value": "Yes",
                  "odd": "8.40"
                },
                {
                  "value": "No",
                  "odd": "1.03"
                }
              ]
            },
            {
              "id": 3,
              "name": "Asian Handicap (1st 5 Innings)",
              "values": [
                {
                  "value": "Home +0",
                  "odd": "1.81"
                },
                {
                  "value": "Away +0",
                  "odd": "1.87"
                }
              ]
            },
            {
              "id": 29,
              "name": "1x2 (1st 5 Innings)",
              "values": [
                {
                  "value": "Home",
                  "odd": "2.06"
                },
                {
                  "value": "Draw",
                  "odd": "6.40"
                },
                {
                  "value": "Away",
                  "odd": "2.13"
                }
              ]
            },
            {
              "id": 11,
              "name": "Over/Under (1st Inning)",
              "values": [
                {
                  "value": "Over 1.5",
                  "odd": "2.76"
                },
                {
                  "value": "Under 1.5",
                  "odd": "1.38"
                },
                {
                  "value": "Over 0.5",
                  "odd": "1.71"
                },
                {
                  "value": "Under 0.5",
                  "odd": "1.99"
                }
              ]
            },
            {
              "id": 12,
              "name": "Asian Handicap (1st Inning)",
              "values": [
                {
                  "value": "Home +0",
                  "odd": "1.83"
                },
                {
                  "value": "Away +0",
                  "odd": "1.85"
                },
                {
                  "value": "Home -1.5",
                  "odd": "6.05"
                },
                {
                  "value": "Away -1.5",
                  "odd": "1.08"
                },
                {
                  "value": "Home +1.5",
                  "odd": "1.08"
                },
                {
                  "value": "Away +1.5",
                  "odd": "6.20"
                }
              ]
            },
            {
              "id": 43,
              "name": "Home Team Total Goals (Including OT)",
              "values": [
                {
                  "value": "Over 4",
                  "odd": "1.50"
                },
                {
                  "value": "Under 4",
                  "odd": "2.38"
                },
                {
                  "value": "Over 5",
                  "odd": "1.90"
                },
                {
                  "value": "Under 5",
                  "odd": "1.78"
                },
                {
                  "value": "Over 4.5",
                  "odd": "1.71"
                },
                {
                  "value": "Under 4.5",
                  "odd": "1.99"
                }
              ]
            },
            {
              "id": 44,
              "name": "Away Team Total Goals (Including OT)",
              "values": [
                {
                  "value": "Over 4",
                  "odd": "1.48"
                },
                {
                  "value": "Under 4",
                  "odd": "2.43"
                },
                {
                  "value": "Over 5",
                  "odd": "1.84"
                },
                {
                  "value": "Under 5",
                  "odd": "1.84"
                },
                {
                  "value": "Over 4.5",
                  "odd": "1.67"
                },
                {
                  "value": "Under 4.5",
                  "odd": "2.05"
                },
                {
                  "value": "Over 5.5",
                  "odd": "2.05"
                },
                {
                  "value": "Under 5.5",
                  "odd": "1.67"
                },
                {
                  "value": "Over 6",
                  "odd": "2.35"
                },
                {
                  "value": "Under 6",
                  "odd": "1.51"
                }
              ]
            }
          ]
        },
        {
          "id": 4,
          "name": "Pinnacle",
          "bets": [
            {
              "id": 1,
              "name": "Home/Away",
              "values": [
                {
                  "value": "Home",
                  "odd": "1.87"
                },
                {
                  "value": "Away",
                  "odd": "1.94"
                }
              ]
            },
            {
              "id": 2,
              "name": "Asian Handicap",
              "values": [
                {
                  "value": "Home -3",
                  "odd": "4.19"
                },
                {
                  "value": "Away -3",
                  "odd": "1.19"
                },
                {
                  "value": "Home -2",
                  "odd": "3.27"
                },
                {
                  "value": "Away -2",
                  "odd": "1.32"
                },
                {
                  "value": "Home +2",
                  "odd": "1.42"
                },
                {
                  "value": "Away +2",
                  "odd": "2.76"
                },
                {
                  "value": "Home -1.5",
                  "odd": "2.60"
                },
                {
                  "value": "Away -1.5",
                  "odd": "1.50"
                },
                {
                  "value": "Home +1.5",
                  "odd": "1.56"
                },
                {
                  "value": "Away +1.5",
                  "odd": "2.41"
                },
                {
                  "value": "Home -2.5",
                  "odd": "3.53"
                },
                {
                  "value": "Away -2.5",
                  "odd": "1.27"
                },
                {
                  "value": "Home +2.5",
                  "odd": "1.36"
                },
                {
                  "value": "Away +2.5",
                  "odd": "2.98"
                }
              ]
            },
            {
              "id": 5,
              "name": "Over/Under",
              "values": [
                {
                  "value": "Over 9",
                  "odd": "1.55"
                },
                {
                  "value": "Under 9",
                  "odd": "2.47"
                },
                {
                  "value": "Over 9.5",
                  "odd": "1.70"
                },
                {
                  "value": "Under 9.5",
                  "odd": "2.17"
                },
                {
                  "value": "Over 10",
                  "odd": "1.81"
                },
                {
                  "value": "Under 10",
                  "odd": "2.02"
                },
                {
                  "value": "Over 10.5",
                  "odd": "1.94"
                },
                {
                  "value": "Under 10.5",
                  "odd": "1.88"
                },
                {
                  "value": "Over 11",
                  "odd": "2.14"
                },
                {
                  "value": "Under 11",
                  "odd": "1.72"
                },
                {
                  "value": "Over 11.5",
                  "odd": "2.33"
                },
                {
                  "value": "Under 11.5",
                  "odd": "1.61"
                },
                {
                  "value": "Over 12",
                  "odd": "2.56"
                },
                {
                  "value": "Under 12",
                  "odd": "1.51"
                }
              ]
            }
          ]
        },
        {
          "id": 5,
          "name": "SBO",
          "bets": [
            {
              "id": 1,
              "name": "Home/Away",
              "values": [
                {
                  "value": "Home",
                  "odd": "1.80"
                },
                {
                  "value": "Away",
                  "odd": "1.86"
                }
              ]
            },
            {
              "id": 2,
              "name": "Asian Handicap",
              "values": [
                {
                  "value": "Home +2",
                  "odd": "1.39"
                },
                {
                  "value": "Away +2",
                  "odd": "2.61"
                },
                {
                  "value": "Home -1.5",
                  "odd": "2.44"
                },
                {
                  "value": "Away -1.5",
                  "odd": "1.45"
                },
                {
                  "value": "Home +1.5",
                  "odd": "1.51"
                },
                {
                  "value": "Away +1.5",
                  "odd": "2.29"
                }
              ]
            },
            {
              "id": 5,
              "name": "Over/Under",
              "values": [
                {
                  "value": "Over 9.5",
                  "odd": "1.62"
                },
                {
                  "value": "Under 9.5",
                  "odd": "2.08"
                },
                {
                  "value": "Over 10",
                  "odd": "1.72"
                },
                {
                  "value": "Under 10",
                  "odd": "1.94"
                },
                {
                  "value": "Over 10.5",
                  "odd": "1.85"
                },
                {
                  "value": "Under 10.5",
                  "odd": "1.81"
                },
                {
                  "value": "Over 11",
                  "odd": "2.02"
                },
                {
                  "value": "Under 11",
                  "odd": "1.66"
                },
                {
                  "value": "Over 11.5",
                  "odd": "2.19"
                },
                {
                  "value": "Under 11.5",
                  "odd": "1.56"
                }
              ]
            }
          ]
        },
        {
          "id": 1,
          "name": "1xbet",
          "bets": [
            {
              "id": 1,
              "name": "Home/Away",
              "values": [
                {
                  "value": "Home",
                  "odd": "1.85"
                },
                {
                  "value": "Away",
                  "odd": "1.92"
                }
              ]
            },
            {
              "id": 2,
              "name": "Asian Handicap",
              "values": [
                {
                  "value": "Home -1",
                  "odd": "2.23"
                },
                {
                  "value": "Away -1",
                  "odd": "1.58"
                },
                {
                  "value": "Home -2",
                  "odd": "2.85"
                },
                {
                  "value": "Away -2",
                  "odd": "1.35"
                },
                {
                  "value": "Home +1",
                  "odd": "1.65"
                },
                {
                  "value": "Away +1",
                  "odd": "2.13"
                },
                {
                  "value": "Home +2",
                  "odd": "1.42"
                },
                {
                  "value": "Away +2",
                  "odd": "2.69"
                },
                {
                  "value": "Home -1.5",
                  "odd": "2.61"
                },
                {
                  "value": "Away -1.5",
                  "odd": "1.42"
                },
                {
                  "value": "Home +3",
                  "odd": "1.26"
                },
                {
                  "value": "Away +3",
                  "odd": "3.40"
                },
                {
                  "value": "Home +1.5",
                  "odd": "1.55"
                },
                {
                  "value": "Away +1.5",
                  "odd": "2.36"
                },
                {
                  "value": "Home +2.5",
                  "odd": "1.36"
                },
                {
                  "value": "Away +2.5",
                  "odd": "2.89"
                }
              ]
            },
            {
              "id": 5,
              "name": "Over/Under",
              "values": [
                {
                  "value": "Over 9",
                  "odd": "1.50"
                },
                {
                  "value": "Under 9",
                  "odd": "2.38"
                },
                {
                  "value": "Over 9.5",
                  "odd": "1.67"
                },
                {
                  "value": "Under 9.5",
                  "odd": "2.08"
                },
                {
                  "value": "Over 10",
                  "odd": "1.78"
                },
                {
                  "value": "Under 10",
                  "odd": "1.95"
                },
                {
                  "value": "Over 10.5",
                  "odd": "1.91"
                },
                {
                  "value": "Under 10.5",
                  "odd": "1.84"
                },
                {
                  "value": "Over 11",
                  "odd": "2.11"
                },
                {
                  "value": "Under 11",
                  "odd": "1.67"
                },
                {
                  "value": "Over 11.5",
                  "odd": "2.27"
                },
                {
                  "value": "Under 11.5",
                  "odd": "1.56"
                },
                {
                  "value": "Over 12",
                  "odd": "2.49"
                },
                {
                  "value": "Under 12",
                  "odd": "1.46"
                }
              ]
            },
            {
              "id": 9,
              "name": "Odd/Even (Including OT)",
              "values": [
                {
                  "value": "Odd",
                  "odd": "1.57"
                },
                {
                  "value": "Even",
                  "odd": "2.22"
                }
              ]
            },
            {
              "id": 6,
              "name": "Over/Under (1st 5 Innings)",
              "values": [
                {
                  "value": "Over 4.5",
                  "odd": "1.50"
                },
                {
                  "value": "Under 4.5",
                  "odd": "2.35"
                },
                {
                  "value": "Over 5.5",
                  "odd": "1.80"
                },
                {
                  "value": "Under 5.5",
                  "odd": "1.86"
                },
                {
                  "value": "Over 6.5",
                  "odd": "2.22"
                },
                {
                  "value": "Under 6.5",
                  "odd": "1.56"
                }
              ]
            },
            {
              "id": 10,
              "name": "1x2 (1st Inning)",
              "values": [
                {
                  "value": "Home",
                  "odd": "3.48"
                },
                {
                  "value": "Draw",
                  "odd": "1.86"
                },
                {
                  "value": "Away",
                  "odd": "3.54"
                }
              ]
            },
            {
              "id": 3,
              "name": "Asian Handicap (1st 5 Innings)",
              "values": [
                {
                  "value": "Home +0",
                  "odd": "1.81"
                },
                {
                  "value": "Away +0",
                  "odd": "1.87"
                }
              ]
            },
            {
              "id": 29,
              "name": "1x2 (1st 5 Innings)",
              "values": [
                {
                  "value": "Home",
                  "odd": "2.06"
                },
                {
                  "value": "Draw",
                  "odd": "6.40"
                },
                {
                  "value": "Away",
                  "odd": "2.13"
                }
              ]
            },
            {
              "id": 11,
              "name": "Over/Under (1st Inning)",
              "values": [
                {
                  "value": "Over 1.5",
                  "odd": "2.76"
                },
                {
                  "value": "Under 1.5",
                  "odd": "1.38"
                },
                {
                  "value": "Over 0.5",
                  "odd": "1.71"
                },
                {
                  "value": "Under 0.5",
                  "odd": "1.99"
                }
              ]
            },
            {
              "id": 12,
              "name": "Asian Handicap (1st Inning)",
              "values": [
                {
                  "value": "Home +0",
                  "odd": "1.83"
                },
                {
                  "value": "Away +0",
                  "odd": "1.85"
                },
                {
                  "value": "Home -1.5",
                  "odd": "6.05"
                },
                {
                  "value": "Away -1.5",
                  "odd": "1.08"
                },
                {
                  "value": "Home +1.5",
                  "odd": "1.08"
                },
                {
                  "value": "Away +1.5",
                  "odd": "6.20"
                }
              ]
            },
            {
              "id": 43,
              "name": "Home Team Total Goals (Including OT)",
              "values": [
                {
                  "value": "Over 4",
                  "odd": "1.50"
                },
                {
                  "value": "Under 4",
                  "odd": "2.38"
                },
                {
                  "value": "Over 5",
                  "odd": "1.90"
                },
                {
                  "value": "Under 5",
                  "odd": "1.78"
                },
                {
                  "value": "Over 4.5",
                  "odd": "1.71"
                },
                {
                  "value": "Under 4.5",
                  "odd": "1.99"
                },
                {
                  "value": "Over 5.5",
                  "odd": "2.10"
                },
                {
                  "value": "Under 5.5",
                  "odd": "1.62"
                }
              ]
            },
            {
              "id": 44,
              "name": "Away Team Total Goals (Including OT)",
              "values": [
                {
                  "value": "Over 4",
                  "odd": "1.48"
                },
                {
                  "value": "Under 4",
                  "odd": "2.43"
                },
                {
                  "value": "Over 5",
                  "odd": "1.84"
                },
                {
                  "value": "Under 5",
                  "odd": "1.84"
                },
                {
                  "value": "Over 4.5",
                  "odd": "1.67"
                },
                {
                  "value": "Under 4.5",
                  "odd": "2.05"
                },
                {
                  "value": "Over 5.5",
                  "odd": "2.05"
                },
                {
                  "value": "Under 5.5",
                  "odd": "1.67"
                },
                {
                  "value": "Over 6",
                  "odd": "2.35"
                },
                {
                  "value": "Under 6",
                  "odd": "1.51"
                }
              ]
            }
          ]
        }
      ]
    }
  ]
}