{
  "get": "odds",
  "parameters": {
    "game": "169184"
  },
  "errors": [],
  "results": 1,
  "response": [
    {
      "league": {
        "id": 21,
        "name": "LMB",
        "type": "League",
        "season": 2025,
        "logo": "https://media.api-sports.io/baseball/leagues/21.png"
      },
      "country": {
        "id": 15,
        "name": "Mexico",
        "code": "MX",
        "flag": "https://media.api-sports.io/flags/mx.svg"
      },
      "game": {
        "id": 169184,
        "date": "2025-05-12T00:00:00+00:00",
        "time": "00:00",
        "timestamp": 1747008000,
        "timezone": "UTC",
        "week": null,
        "status": {
          "long": "Finished",
          "short": "FT"
        },
        "country": {
          "id": 15,
          "name": "Mexico",
          "code": "MX",
          "flag": "https://media.api-sports.io/flags/mx.svg"
        },
        "league": {
          "id": 21,
          "name": "LMB",
          "type": "League",
          "season": 2025,
          "logo": "https://media.api-sports.io/baseball/leagues/21.png"
        },
        "teams": {
          "home": {
            "id": 296,
            "name": "Tabasco",
            "logo": "https://media.api-sports.io/baseball/teams/296.png"
          },
          "away": {
            "id": 844,
            "name": "Bravos de Leon",
            "logo": "https://media.api-sports.io/baseball/teams/844.png"
          }
        },
        "scores": {
          "home": {
            "hits": 13,
            "errors": 1,
            "innings": {
              "1": 5,
              "2": 1,
              "3": 0,
              "4": 0,
              "5": 0,
              "6": 0,
              "7": 0,
              "8": 0,
              "9": 0,
              "extra": 0
            },
            "total": 6
          },
          "away": {
            "hits": 12,
            "errors": 0,
            "innings": {
              "1": 2,
              "2": 3,
              "3": 0,
              "4": 0,
              "5": 1,
              "6": 0,
              "7": 0,
              "8": 0,
              "9": 0,
              "extra": 1
            },
            "total": 7
          }
        }
      },
      "bookmakers": [
        {
          "id": 22,
          "name": "WilliamHill",
          "bets": [
            {
              "id": 1,
              "name": "Home/Away",
              "values": [
                {
                  "value": "Home",
                  "odd": "1.67"
                },
                {
                  "value": "Away",
                  "odd": "2.10"
                }
              ]
            }
          ]
        },
        {
          "id": 2,
          "name": "Bet365",
          "bets": [
            {
              "id": 1,
              "name": "Home/Away",
              "values": [
                {
                  "value": "Home",
                  "odd": "1.64"
                },
                {
                  "value": "Away",
                  "odd": "2.15"
                }
              ]
            },
            {
              "id": 2,
              "name": "Asian Handicap",
              "values": [
                {
                  "value": "Home -1.5",
                  "odd": "2.20"
                },
                {
                  "value": "Away -1.5",
                  "odd": "1.62"
                }
              ]
            },
            {
              "id": 5,
              "name": "Over/Under",
              "values": [
                {
                  "value": "Over 8.5",
                  "odd": "1.83"
                },
                {
                  "value": "Under 8.5",
                  "odd": "1.83"
                }
              ]
            }
          ]
        },
        {
          "id": 10,
          "name": "Marathon",
          "bets": [
            {
              "id": 1,
              "name": "Home/Away",
              "values": [
                {
                  "value": "Home",
                  "odd": "1.63"
                },
                {
                  "value": "Away",
                  "odd": "2.24"
                }
              ]
            },
            {
              "id": 2,
              "name": "Asian Handicap",
              "values": [
                {
                  "value": "Home -1",
                  "odd": "1.92"
                },
                {
                  "value": "Away -1",
                  "odd": "1.81"
                },
                {
                  "value": "Home -3",
                  "odd": "3.56"
                },
                {
                  "value": "Away -3",
                  "odd": "1.24"
                },
                {
                  "value": "Home -2",
                  "odd": "2.73"
                },
                {
                  "value": "Away -2",
                  "odd": "1.41"
                },
                {
                  "value": "Home +1",
                  "odd": "1.43"
                },
                {
                  "value": "Away +1",
                  "odd": "2.62"
                },
                {
                  "value": "Home +2",
                  "odd": "1.36"
                },
                {
                  "value": "Away +2",
                  "odd": "2.94"
                },
                {
                  "value": "Home -1.5",
                  "odd": "2.36"
                },
                {
                  "value": "Away -1.5",
                  "odd": "1.55"
                },
                {
                  "value": "Home +3",
                  "odd": "1.21"
                },
                {
                  "value": "Away +3",
                  "odd": "3.84"
                },
                {
                  "value": "Home +1.5",
                  "odd": "1.35"
                },
                {
                  "value": "Away +1.5",
                  "odd": "2.88"
                },
                {
                  "value": "Home -2.5",
                  "odd": "2.93"
                },
                {
                  "value": "Away -2.5",
                  "odd": "1.35"
                },
                {
                  "value": "Home +2.5",
                  "odd": "1.30"
                },
                {
                  "value": "Away +2.5",
                  "odd": "3.20"
                }
              ]
            },
            {
              "id": 5,
              "name": "Over/Under",
              "values": [
                {
                  "value": "Over 8",
                  "odd": "1.74"
                },
                {
                  "value": "Under 8",
                  "odd": "2.00"
                },
                {
                  "value": "Over 8.5",
                  "odd": "1.88"
                },
                {
                  "value": "Under 8.5",
                  "odd": "1.87"
                },
                {
                  "value": "Over 9",
                  "odd": "2.11"
                },
                {
                  "value": "Under 9",
                  "odd": "1.67"
                },
                {
                  "value": "Over 9.5",
                  "odd": "2.32"
                },
                {
                  "value": "Under 9.5",
                  "odd": "1.54"
                },
                {
                  "value": "Over 10",
                  "odd": "2.55"
                },
                {
                  "value": "Under 10",
                  "odd": "1.44"
                },
                {
                  "value": "Over 7",
                  "odd": "1.44"
                },
                {
                  "value": "Under 7",
                  "odd": "2.55"
                },
                {
                  "value": "Over 7.5",
                  "odd": "1.63"
                },
                {
                  "value": "Under 7.5",
                  "odd": "2.14"
                }
              ]
            },
            {
              "id": 9,
              "name": "Odd/Even (Including OT)",
              "values": [
                {
                  "value": "Odd",
                  "odd": "1.54"
                },
                {
                  "value": "Even",
                  "odd": "2.28"
                }
              ]
            },
            {
              "id": 10,
              "name": "1x2 (1st Inning)",
              "values": [
                {
                  "value": "Home",
                  "odd": "3.55"
                },
                {
                  "value": "Draw",
                  "odd": "1.70"
                },
                {
                  "value": "Away",
                  "odd": "4.25"
                }
              ]
            },
            {
              "id": 33,
              "name": "First Team To Score",
              "values": [
                {
                  "value": "Home",
                  "odd": "1.98"
                },
                {
                  "value": "Away",
                  "odd": "1.72"
                }
              ]
            },
            {
              "id": 45,
              "name": "Last Team To Score",
              "values": [
                {
                  "value": "Home",
                  "odd": "1.63"
                },
                {
                  "value": "Away",
                  "odd": "2.11"
                }
              ]
            },
            {
              "id": 32,
              "name": "Extra Innings",
              "values": [
                {
                  "value": "Yes",
                  "odd": "7.70"
                },
                {
                  "value": "No",
                  "odd": "1.04"
                }
              ]
            },
            {
              "id": 3,
              "name": "Asian Handicap (1st 5 Innings)",
              "values": [
                {
                  "value": "Home +0",
                  "odd": "1.63"
                },
                {
                  "value": "Away +0",
                  "odd": "2.11"
                }
              ]
            },
            {
              "id": 29,
              "name": "1x2 (1st 5 Innings)",
              "values": [
                {
                  "value": "Home",
                  "odd": "1.90"
                },
                {
                  "value": "Draw",
                  "odd": "5.50"
                },
                {
                  "value": "Away",
                  "odd": "2.48"
                }
              ]
            },
            {
              "id": 11,
              "name": "Over/Under (1st Inning)",
              "values": [
                {
                  "value": "Over 1.5",
                  "odd": "3.24"
                },
                {
                  "value": "Under 1.5",
                  "odd": "1.28"
                },
                {
                  "value": "Over 0.5",
                  "odd": "1.88"
                },
                {
                  "value": "Under 0.5",
                  "odd": "1.80"
                }
              ]
            },
            {
              "id": 12,
              "name": "Asian Handicap (1st Inning)",
              "values": [
                {
                  "value": "Home +0",
                  "odd": "1.70"
                },
                {
                  "value": "Away +0",
                  "odd": "2.01"
                },
                {
                  "value": "Home -1.5",
                  "odd": "6.35"
                },
                {
                  "value": "Away -1.5",
                  "odd": "1.08"
                },
                {
                  "value": "Home +1.5",
                  "odd": "1.04"
                },
                {
                  "value": "Away +1.5",
                  "odd": "7.70"
                }
              ]
            },
            {
              "id": 43,
              "name": "Home Team Total Goals (Including OT)",
              "values": [
                {
                  "value": "Over 3.5",
                  "odd": "1.66"
                },
                {
                  "value": "Under 3.5",
                  "odd": "2.06"
                },
                {
                  "value": "Over 3",
                  "odd": "1.43"
                },
                {
                  "value": "Under 3",
                  "odd": "2.58"
                },
                {
                  "value": "Over 4",
                  "odd": "1.70"
                },
                {
                  "value": "Under 4",
                  "odd": "2.01"
                },
                {
                  "value": "Over 5",
                  "odd": "2.26"
                },
                {
                  "value": "Under 5",
                  "odd": "1.55"
                },
                {
                  "value": "Over 4.5",
                  "odd": "1.94"
                },
                {
                  "value": "Under 4.5",
                  "odd": "1.75"
                }
              ]
            },
            {
              "id": 44,
              "name": "Away Team Total Goals (Including OT)",
              "values": [
                {
                  "value": "Over 3.5",
                  "odd": "1.78"
                },
                {
                  "value": "Under 3.5",
                  "odd": "1.91"
                },
                {
                  "value": "Over 3",
                  "odd": "1.53"
                },
                {
                  "value": "Under 3",
                  "odd": "2.30"
                },
                {
                  "value": "Over 4",
                  "odd": "2.03"
                },
                {
                  "value": "Under 4",
                  "odd": "1.68"
                },
                {
                  "value": "Over 5",
                  "odd": "2.43"
                },
                {
                  "value": "Under 5",
                  "odd": "1.48"
                },
                {
                  "value": "Over 4.5",
                  "odd": "2.08"
                },
                {
                  "value": "Under 4.5",
                  "odd": "1.65"
                }
              ]
            }
          ]
        },
        {
          "id": 4,
          "name": "Pinnacle",
          "bets": [
            {
              "id": 1,
              "name": "Home/Away",
              "values": [
                {
                  "value": "Home",
                  "odd": "1.64"
                },
                {
                  "value": "Away",
                  "odd": "2.27"
                }
              ]
            },
            {
              "id": 2,
              "name": "Asian Handicap",
              "values": [
                {
                  "value": "Home -3",
                  "odd": "4.13"
                },
                {
                  "value": "Away -3",
                  "odd": "1.19"
                },
                {
                  "value": "Home -2",
                  "odd": "3.10"
                },
                {
                  "value": "Away -2",
                  "odd": "1.35"
                },
                {
                  "value": "Home +2",
                  "odd": "1.29"
                },
                {
                  "value": "Away +2",
                  "odd": "3.37"
                },
                {
                  "value": "Home -1.5",
                  "odd": "2.43"
                },
                {
                  "value": "Away -1.5",
                  "odd": "1.57"
                },
                {
                  "value": "Home +1.5",
                  "odd": "1.41"
                },
                {
                  "value": "Away +1.5",
                  "odd": "2.86"
                },
                {
                  "value": "Home -2.5",
                  "odd": "3.41"
                },
                {
                  "value": "Away -2.5",
                  "odd": "1.29"
                },
                {
                  "value": "Home +2.5",
                  "odd": "1.25"
                },
                {
                  "value": "Away +2.5",
                  "odd": "3.60"
                }
              ]
            },
            {
              "id": 5,
              "name": "Over/Under",
              "values": [
                {
                  "value": "Over 8",
                  "odd": "1.78"
                },
                {
                  "value": "Under 8",
                  "odd": "2.05"
                },
                {
                  "value": "Over 8.5",
                  "odd": "1.92"
                },
                {
                  "value": "Under 8.5",
                  "odd": "1.90"
                },
                {
                  "value": "Over 9",
                  "odd": "2.14"
                },
                {
                  "value": "Under 9",
                  "odd": "1.72"
                },
                {
                  "value": "Over 9.5",
                  "odd": "2.35"
                },
                {
                  "value": "Under 9.5",
                  "odd": "1.60"
                },
                {
                  "value": "Over 10",
                  "odd": "2.61"
                },
                {
                  "value": "Under 10",
                  "odd": "1.50"
                },
                {
                  "value": "Over 7",
                  "odd": "1.50"
                },
                {
                  "value": "Under 7",
                  "odd": "2.59"
                },
                {
                  "value": "Over 7.5",
                  "odd": "1.68"
                },
                {
                  "value": "Under 7.5",
                  "odd": "2.21"
                }
              ]
            }
          ]
        },
        {
          "id": 5,
          "name": "SBO",
          "bets": [
            {
              "id": 1,
              "name": "Home/Away",
              "values": [
                {
                  "value": "Home",
                  "odd": "1.58"
                },
                {
                  "value": "Away",
                  "odd": "2.16"
                }
              ]
            },
            {
              "id": 2,
              "name": "Asian Handicap",
              "values": [
                {
                  "value": "Home -2",
                  "odd": "2.92"
                },
                {
                  "value": "Away -2",
                  "odd": "1.32"
                },
                {
                  "value": "Home -1.5",
                  "odd": "2.29"
                },
                {
                  "value": "Away -1.5",
                  "odd": "1.51"
                },
                {
                  "value": "Home +1.5",
                  "odd": "1.37"
                },
                {
                  "value": "Away +1.5",
                  "odd": "2.66"
                }
              ]
            },
            {
              "id": 5,
              "name": "Over/Under",
              "values": [
                {
                  "value": "Over 8",
                  "odd": "1.71"
                },
                {
                  "value": "Under 8",
                  "odd": "1.95"
                },
                {
                  "value": "Over 8.5",
                  "odd": "1.84"
                },
                {
                  "value": "Under 8.5",
                  "odd": "1.82"
                },
                {
                  "value": "Over 9",
                  "odd": "2.04"
                },
                {
                  "value": "Under 9",
                  "odd": "1.65"
                },
                {
                  "value": "Over 9.5",
                  "odd": "2.23"
                },
                {
                  "value": "Under 9.5",
                  "odd": "1.54"
                },
                {
                  "value": "Over 7.5",
                  "odd": "1.61"
                },
                {
                  "value": "Under 7.5",
                  "odd": "2.09"
                }
              ]
            }
          ]
        },
        {
          "id": 1,
          "name": "1xbet",
          "bets": [
            {
              "id": 1,
              "name": "Home/Away",
              "values": [
                {
                  "value": "Home",
                  "odd": "1.65"
                },
                {
                  "value": "Away",
                  "odd": "2.22"
                }
              ]
            },
            {
              "id": 2,
              "name": "Asian Handicap",
              "values": [
                {
                  "value": "Home -1",
                  "odd": "1.92"
                },
                {
                  "value": "Away -1",
                  "odd": "1.81"
                },
                {
                  "value": "Home -3",
                  "odd": "3.56"
                },
                {
                  "value": "Away -3",
                  "odd": "1.24"
                },
                {
                  "value": "Home -2",
                  "odd": "2.73"
                },
                {
                  "value": "Away -2",
                  "odd": "1.41"
                },
                {
                  "value": "Home +1",
                  "odd": "1.43"
                },
                {
                  "value": "Away +1",
                  "odd": "2.62"
                },
                {
                  "value": "Home +2",
                  "odd": "1.36"
                },
                {
                  "value": "Away +2",
                  "odd": "2.94"
                },
                {
                  "value": "Home -1.5",
                  "odd": "2.36"
                },
                {
                  "value": "Away -1.5",
                  "odd": "1.55"
                },
                {
                  "value": "Home +3",
                  "odd": "1.21"
                },
                {
                  "value": "Away +3",
                  "odd": "3.84"
                },
                {
                  "value": "Home +1.5",
                  "odd": "1.35"
                },
                {
                  "value": "Away +1.5",
                  "odd": "2.88"
                },
                {
                  "value": "Home -2.5",
                  "odd": "2.93"
                },
                {
                  "value": "Away -2.5",
                  "odd": "1.35"
                },
                {
                  "value": "Home +2.5",
                  "odd": "1.30"
                },
                {
                  "value": "Away +2.5",
                  "odd": "3.20"
                }
              ]
            },
            {
              "id": 5,
              "name": "Over/Under",
              "values": [
                {
                  "value": "Over 8",
                  "odd": "1.74"
                },
                {
                  "value": "Under 8",
                  "odd": "2.00"
                },
                {
                  "value": "Over 8.5",
                  "odd": "1.88"
                },
                {
                  "value": "Under 8.5",
                  "odd": "1.87"
                },
                {
                  "value": "Over 9",
                  "odd": "2.11"
                },
                {
                  "value": "Under 9",
                  "odd": "1.67"
                },
                {
                  "value": "Over 9.5",
                  "odd": "2.32"
                },
                {
                  "value": "Under 9.5",
                  "odd": "1.54"
                },
                {
                  "value": "Over 10",
                  "odd": "2.55"
                },
                {
                  "value": "Under 10",
                  "odd": "1.44"
                },
                {
                  "value": "Over 7",
                  "odd": "1.44"
                },
                {
                  "value": "Under 7",
                  "odd": "2.55"
                },
                {
                  "value": "Over 7.5",
                  "odd": "1.63"
                },
                {
                  "value": "Under 7.5",
                  "odd": "2.14"
                }
              ]
            },
            {
              "id": 9,
              "name": "Odd/Even (Including OT)",
              "values": [
                {
                  "value": "Odd",
                  "odd": "1.54"
                },
                {
                  "value": "Even",
                  "odd": "2.28"
                }
              ]
            },
            {
              "id": 6,
              "name": "Over/Under (1st 5 Innings)",
              "values": [
                {
                  "value": "Over 3.5",
                  "odd": "1.50"
                },
                {
                  "value": "Under 3.5",
                  "odd": "2.35"
                },
                {
                  "value": "Over 4.5",
                  "odd": "1.86"
                },
                {
                  "value": "Under 4.5",
                  "odd": "1.81"
                },
                {
                  "value": "Over 5.5",
                  "odd": "2.35"
                },
                {
                  "value": "Under 5.5",
                  "odd": "1.50"
                }
              ]
            },
            {
              "id": 10,
              "name": "1x2 (1st Inning)",
              "values": [
                {
                  "value": "Home",
                  "odd": "3.57"
                },
                {
                  "value": "Draw",
                  "odd": "1.70"
                },
                {
                  "value": "Away",
                  "odd": "4.40"
                }
              ]
            },
            {
              "id": 3,
              "name": "Asian Handicap (1st 5 Innings)",
              "values": [
                {
                  "value": "Home +0",
                  "odd": "1.63"
                },
                {
                  "value": "Away +0",
                  "odd": "2.11"
                }
              ]
            },
            {
              "id": 29,
              "name": "1x2 (1st 5 Innings)",
              "values": [
                {
                  "value": "Home",
                  "odd": "1.92"
                },
                {
                  "value": "Draw",
                  "odd": "5.50"
                },
                {
                  "value": "Away",
                  "odd": "2.52"
                }
              ]
            },
            {
              "id": 11,
              "name": "Over/Under (1st Inning)",
              "values": [
                {
                  "value": "Over 1.5",
                  "odd": "3.24"
                },
                {
                  "value": "Under 1.5",
                  "odd": "1.28"
                },
                {
                  "value": "Over 0.5",
                  "odd": "1.88"
                },
                {
                  "value": "Under 0.5",
                  "odd": "1.80"
                }
              ]
            },
            {
              "id": 12,
              "name": "Asian Handicap (1st Inning)",
              "values": [
                {
                  "value": "Home +0",
                  "odd": "1.70"
                },
                {
                  "value": "Away +0",
                  "odd": "2.01"
                },
                {
                  "value": "Home -1.5",
                  "odd": "6.35"
                },
                {
                  "value": "Away -1.5",
                  "odd": "1.08"
                },
                {
                  "value": "Home +1.5",
                  "odd": "1.04"
                },
                {
                  "value": "Away +1.5",
                  "odd": "7.70"
                }
              ]
            },
            {
              "id": 43,
              "name": "Home Team Total Goals (Including OT)",
              "values": [
                {
                  "value": "Over 3.5",
                  "odd": "1.66"
                },
                {
                  "value": "Under 3.5",
                  "odd": "2.06"
                },
                {
                  "value": "Over 3",
                  "odd": "1.43"
                },
                {
                  "value": "Under 3",
                  "odd": "2.58"
                },
                {
                  "value": "Over 4",
                  "odd": "1.70"
                },
                {
                  "value": "Under 4",
                  "odd": "2.01"
                },
                {
                  "value": "Over 5",
                  "odd": "2.26"
                },
                {
                  "value": "Under 5",
                  "odd": "1.55"
                },
                {
                  "value": "Over 4.5",
                  "odd": "1.94"
                },
                {
                  "value": "Under 4.5",
                  "odd": "1.75"
                }
              ]
            },
            {
              "id": 44,
              "name": "Away Team Total Goals (Including OT)",
              "values": [
                {
                  "value": "Over 3.5",
                  "odd": "1.78"
                },
                {
                  "value": "Under 3.5",
                  "odd": "1.91"
                },
                {
                  "value": "Over 3",
                  "odd": "1.53"
                },
                {
                  "value": "Under 3",
                  "odd": "2.30"
                },
                {
                  "value": "Over 4",
                  "odd": "2.03"
                },
                {
                  "value": "Under 4",
                  "odd": "1.68"
                },
                {
                  "value": "Over 5",
                  "odd": "2.43"
                },
                {
                  "value": "Under 5",
                  "odd": "1.48"
                },
                {
                  "value": "Over 4.5",
                  "odd": "2.08"
                },
                {
                  "value": "Under 4.5",
                  "odd": "1.65"
                }
              ]
            }
          ]
        }
      ]
    }
  ]
}