{
  "get": "odds",
  "parameters": {
    "game": "169185"
  },
  "errors": [],
  "results": 1,
  "response": [
    {
      "league": {
        "id": 21,
        "name": "LMB",
        "type": "League",
        "season": 2025,
        "logo": "https://media.api-sports.io/baseball/leagues/21.png"
      },
      "country": {
        "id": 15,
        "name": "Mexico",
        "code": "MX",
        "flag": "https://media.api-sports.io/flags/mx.svg"
      },
      "game": {
        "id": 169185,
        "date": "2025-05-12T00:00:00+00:00",
        "time": "00:00",
        "timestamp": 1747008000,
        "timezone": "UTC",
        "week": null,
        "status": {
          "long": "Finished",
          "short": "FT"
        },
        "country": {
          "id": 15,
          "name": "Mexico",
          "code": "MX",
          "flag": "https://media.api-sports.io/flags/mx.svg"
        },
        "league": {
          "id": 21,
          "name": "LMB",
          "type": "League",
          "season": 2025,
          "logo": "https://media.api-sports.io/baseball/leagues/21.png"
        },
        "teams": {
          "home": {
            "id": 298,
            "name": "Yucatan",
            "logo": "https://media.api-sports.io/baseball/teams/298.png"
          },
          "away": {
            "id": 457,
            "name": "Veracruz",
            "logo": "https://media.api-sports.io/baseball/teams/457.png"
          }
        },
        "scores": {
          "home": {
            "hits": 6,
            "errors": 0,
            "innings": {
              "1": 1,
              "2": 0,
              "3": 0,
              "4": 0,
              "5": 0,
              "6": 0,
              "7": 0,
              "8": 0,
              "9": 1,
              "extra": null
            },
            "total": 2
          },
          "away": {
            "hits": 12,
            "errors": 0,
            "innings": {
              "1": 0,
              "2": 0,
              "3": 6,
              "4": 0,
              "5": 0,
              "6": 0,
              "7": 2,
              "8": 0,
              "9": 0,
              "extra": null
            },
            "total": 8
          }
        }
      },
      "bookmakers": [
        {
          "id": 22,
          "name": "WilliamHill",
          "bets": [
            {
              "id": 1,
              "name": "Home/Away",
              "values": [
                {
                  "value": "Home",
                  "odd": "1.70"
                },
                {
                  "value": "Away",
                  "odd": "2.05"
                }
              ]
            }
          ]
        },
        {
          "id": 2,
          "name": "Bet365",
          "bets": [
            {
              "id": 1,
              "name": "Home/Away",
              "values": [
                {
                  "value": "Home",
                  "odd": "1.71"
                },
                {
                  "value": "Away",
                  "odd": "2.00"
                }
              ]
            },
            {
              "id": 2,
              "name": "Asian Handicap",
              "values": [
                {
                  "value": "Home -1.5",
                  "odd": "2.40"
                },
                {
                  "value": "Away -1.5",
                  "odd": "1.52"
                }
              ]
            },
            {
              "id": 5,
              "name": "Over/Under",
              "values": [
                {
                  "value": "Over 7.5",
                  "odd": "1.83"
                },
                {
                  "value": "Under 7.5",
                  "odd": "1.83"
                }
              ]
            }
          ]
        },
        {
          "id": 10,
          "name": "Marathon",
          "bets": [
            {
              "id": 1,
              "name": "Home/Away",
              "values": [
                {
                  "value": "Home",
                  "odd": "1.68"
                },
                {
                  "value": "Away",
                  "odd": "2.15"
                }
              ]
            },
            {
              "id": 2,
              "name": "Asian Handicap",
              "values": [
                {
                  "value": "Home -1",
                  "odd": "2.03"
                },
                {
                  "value": "Away -1",
                  "odd": "1.72"
                },
                {
                  "value": "Home -3",
                  "odd": "4.00"
                },
                {
                  "value": "Away -3",
                  "odd": "1.19"
                },
                {
                  "value": "Home -2",
                  "odd": "2.98"
                },
                {
                  "value": "Away -2",
                  "odd": "1.35"
                },
                {
                  "value": "Home +1",
                  "odd": "1.46"
                },
                {
                  "value": "Away +1",
                  "odd": "2.52"
                },
                {
                  "value": "Home -1.5",
                  "odd": "2.51"
                },
                {
                  "value": "Away -1.5",
                  "odd": "1.49"
                },
                {
                  "value": "Home +1.5",
                  "odd": "1.36"
                },
                {
                  "value": "Away +1.5",
                  "odd": "2.83"
                },
                {
                  "value": "Home -2.5",
                  "odd": "3.20"
                },
                {
                  "value": "Away -2.5",
                  "odd": "1.30"
                }
              ]
            },
            {
              "id": 5,
              "name": "Over/Under",
              "values": [
                {
                  "value": "Over 8",
                  "odd": "2.03"
                },
                {
                  "value": "Under 8",
                  "odd": "1.72"
                },
                {
                  "value": "Over 8.5",
                  "odd": "2.17"
                },
                {
                  "value": "Under 8.5",
                  "odd": "1.61"
                },
                {
                  "value": "Over 9",
                  "odd": "2.53"
                },
                {
                  "value": "Under 9",
                  "odd": "1.44"
                },
                {
                  "value": "Over 7",
                  "odd": "1.65"
                },
                {
                  "value": "Under 7",
                  "odd": "2.13"
                },
                {
                  "value": "Over 7.5",
                  "odd": "1.88"
                },
                {
                  "value": "Under 7.5",
                  "odd": "1.87"
                },
                {
                  "value": "Over 6",
                  "odd": "1.39"
                },
                {
                  "value": "Under 6",
                  "odd": "2.72"
                },
                {
                  "value": "Over 6.5",
                  "odd": "1.51"
                },
                {
                  "value": "Under 6.5",
                  "odd": "2.39"
                }
              ]
            },
            {
              "id": 9,
              "name": "Odd/Even (Including OT)",
              "values": [
                {
                  "value": "Odd",
                  "odd": "1.52"
                },
                {
                  "value": "Even",
                  "odd": "2.33"
                }
              ]
            },
            {
              "id": 10,
              "name": "1x2 (1st Inning)",
              "values": [
                {
                  "value": "Home",
                  "odd": "3.80"
                },
                {
                  "value": "Draw",
                  "odd": "1.63"
                },
                {
                  "value": "Away",
                  "odd": "4.33"
                }
              ]
            },
            {
              "id": 33,
              "name": "First Team To Score",
              "values": [
                {
                  "value": "Home",
                  "odd": "1.99"
                },
                {
                  "value": "Away",
                  "odd": "1.71"
                }
              ]
            },
            {
              "id": 45,
              "name": "Last Team To Score",
              "values": [
                {
                  "value": "Home",
                  "odd": "1.65"
                },
                {
                  "value": "Away",
                  "odd": "2.08"
                }
              ]
            },
            {
              "id": 32,
              "name": "Extra Innings",
              "values": [
                {
                  "value": "Yes",
                  "odd": "7.20"
                },
                {
                  "value": "No",
                  "odd": "1.05"
                }
              ]
            },
            {
              "id": 3,
              "name": "Asian Handicap (1st 5 Innings)",
              "values": [
                {
                  "value": "Home +0",
                  "odd": "1.67"
                },
                {
                  "value": "Away +0",
                  "odd": "2.05"
                }
              ]
            },
            {
              "id": 29,
              "name": "1x2 (1st 5 Innings)",
              "values": [
                {
                  "value": "Home",
                  "odd": "1.98"
                },
                {
                  "value": "Draw",
                  "odd": "5.05"
                },
                {
                  "value": "Away",
                  "odd": "2.45"
                }
              ]
            },
            {
              "id": 11,
              "name": "Over/Under (1st Inning)",
              "values": [
                {
                  "value": "Over 1.5",
                  "odd": "3.48"
                },
                {
                  "value": "Under 1.5",
                  "odd": "1.25"
                },
                {
                  "value": "Over 0.5",
                  "odd": "1.99"
                },
                {
                  "value": "Under 0.5",
                  "odd": "1.71"
                }
              ]
            },
            {
              "id": 12,
              "name": "Asian Handicap (1st Inning)",
              "values": [
                {
                  "value": "Home +0",
                  "odd": "1.73"
                },
                {
                  "value": "Away +0",
                  "odd": "1.97"
                },
                {
                  "value": "Home -1.5",
                  "odd": "6.95"
                },
                {
                  "value": "Away -1.5",
                  "odd": "1.06"
                },
                {
                  "value": "Home +1.5",
                  "odd": "1.04"
                },
                {
                  "value": "Away +1.5",
                  "odd": "8.10"
                }
              ]
            },
            {
              "id": 43,
              "name": "Home Team Total Goals (Including OT)",
              "values": [
                {
                  "value": "Over 3.5",
                  "odd": "1.71"
                },
                {
                  "value": "Under 3.5",
                  "odd": "1.99"
                },
                {
                  "value": "Over 3",
                  "odd": "1.46"
                },
                {
                  "value": "Under 3",
                  "odd": "2.49"
                },
                {
                  "value": "Over 4",
                  "odd": "1.95"
                },
                {
                  "value": "Under 4",
                  "odd": "1.74"
                }
              ]
            },
            {
              "id": 44,
              "name": "Away Team Total Goals (Including OT)",
              "values": [
                {
                  "value": "Over 3.5",
                  "odd": "1.90"
                },
                {
                  "value": "Under 3.5",
                  "odd": "1.78"
                },
                {
                  "value": "Over 3",
                  "odd": "1.65"
                },
                {
                  "value": "Under 3",
                  "odd": "2.08"
                },
                {
                  "value": "Over 4",
                  "odd": "2.24"
                },
                {
                  "value": "Under 4",
                  "odd": "1.56"
                }
              ]
            }
          ]
        },
        {
          "id": 4,
          "name": "Pinnacle",
          "bets": [
            {
              "id": 1,
              "name": "Home/Away",
              "values": [
                {
                  "value": "Home",
                  "odd": "1.71"
                },
                {
                  "value": "Away",
                  "odd": "2.16"
                }
              ]
            },
            {
              "id": 2,
              "name": "Asian Handicap",
              "values": [
                {
                  "value": "Home -3",
                  "odd": "4.40"
                },
                {
                  "value": "Away -3",
                  "odd": "1.17"
                },
                {
                  "value": "Home -2",
                  "odd": "3.27"
                },
                {
                  "value": "Away -2",
                  "odd": "1.32"
                },
                {
                  "value": "Home +2",
                  "odd": "1.28"
                },
                {
                  "value": "Away +2",
                  "odd": "3.43"
                },
                {
                  "value": "Home -1.5",
                  "odd": "2.53"
                },
                {
                  "value": "Away -1.5",
                  "odd": "1.53"
                },
                {
                  "value": "Home +1.5",
                  "odd": "1.41"
                },
                {
                  "value": "Away +1.5",
                  "odd": "2.84"
                },
                {
                  "value": "Home -2.5",
                  "odd": "3.60"
                },
                {
                  "value": "Away -2.5",
                  "odd": "1.26"
                },
                {
                  "value": "Home +2.5",
                  "odd": "1.24"
                },
                {
                  "value": "Away +2.5",
                  "odd": "3.69"
                }
              ]
            },
            {
              "id": 5,
              "name": "Over/Under",
              "values": [
                {
                  "value": "Over 8",
                  "odd": "2.12"
                },
                {
                  "value": "Under 8",
                  "odd": "1.73"
                },
                {
                  "value": "Over 8.5",
                  "odd": "2.28"
                },
                {
                  "value": "Under 8.5",
                  "odd": "1.64"
                },
                {
                  "value": "Over 9",
                  "odd": "2.63"
                },
                {
                  "value": "Under 9",
                  "odd": "1.49"
                },
                {
                  "value": "Over 7",
                  "odd": "1.74"
                },
                {
                  "value": "Under 7",
                  "odd": "2.11"
                },
                {
                  "value": "Over 7.5",
                  "odd": "1.95"
                },
                {
                  "value": "Under 7.5",
                  "odd": "1.87"
                },
                {
                  "value": "Over 6",
                  "odd": "1.46"
                },
                {
                  "value": "Under 6",
                  "odd": "2.70"
                },
                {
                  "value": "Over 6.5",
                  "odd": "1.60"
                },
                {
                  "value": "Under 6.5",
                  "odd": "2.37"
                }
              ]
            }
          ]
        },
        {
          "id": 5,
          "name": "SBO",
          "bets": [
            {
              "id": 1,
              "name": "Home/Away",
              "values": [
                {
                  "value": "Home",
                  "odd": "1.64"
                },
                {
                  "value": "Away",
                  "odd": "2.05"
                }
              ]
            },
            {
              "id": 2,
              "name": "Asian Handicap",
              "values": [
                {
                  "value": "Home -2",
                  "odd": "3.04"
                },
                {
                  "value": "Away -2",
                  "odd": "1.29"
                },
                {
                  "value": "Home -1.5",
                  "odd": "2.38"
                },
                {
                  "value": "Away -1.5",
                  "odd": "1.47"
                },
                {
                  "value": "Home +1.5",
                  "odd": "1.37"
                },
                {
                  "value": "Away +1.5",
                  "odd": "2.66"
                }
              ]
            },
            {
              "id": 5,
              "name": "Over/Under",
              "values": [
                {
                  "value": "Over 8",
                  "odd": "2.02"
                },
                {
                  "value": "Under 8",
                  "odd": "1.66"
                },
                {
                  "value": "Over 8.5",
                  "odd": "2.17"
                },
                {
                  "value": "Under 8.5",
                  "odd": "1.57"
                },
                {
                  "value": "Over 7",
                  "odd": "1.67"
                },
                {
                  "value": "Under 7",
                  "odd": "2.01"
                },
                {
                  "value": "Over 7.5",
                  "odd": "1.87"
                },
                {
                  "value": "Under 7.5",
                  "odd": "1.79"
                }
              ]
            }
          ]
        },
        {
          "id": 1,
          "name": "1xbet",
          "bets": [
            {
              "id": 1,
              "name": "Home/Away",
              "values": [
                {
                  "value": "Home",
                  "odd": "1.70"
                },
                {
                  "value": "Away",
                  "odd": "2.13"
                }
              ]
            },
            {
              "id": 2,
              "name": "Asian Handicap",
              "values": [
                {
                  "value": "Home -1",
                  "odd": "2.03"
                },
                {
                  "value": "Away -1",
                  "odd": "1.72"
                },
                {
                  "value": "Home -3",
                  "odd": "4.00"
                },
                {
                  "value": "Away -3",
                  "odd": "1.19"
                },
                {
                  "value": "Home -2",
                  "odd": "2.98"
                },
                {
                  "value": "Away -2",
                  "odd": "1.35"
                },
                {
                  "value": "Home +1",
                  "odd": "1.46"
                },
                {
                  "value": "Away +1",
                  "odd": "2.52"
                },
                {
                  "value": "Home +2",
                  "odd": "1.21"
                },
                {
                  "value": "Away +2",
                  "odd": "3.72"
                },
                {
                  "value": "Home -1.5",
                  "odd": "2.51"
                },
                {
                  "value": "Away -1.5",
                  "odd": "1.49"
                },
                {
                  "value": "Home +1.5",
                  "odd": "1.36"
                },
                {
                  "value": "Away +1.5",
                  "odd": "2.83"
                },
                {
                  "value": "Home -2.5",
                  "odd": "3.20"
                },
                {
                  "value": "Away -2.5",
                  "odd": "1.30"
                }
              ]
            },
            {
              "id": 5,
              "name": "Over/Under",
              "values": [
                {
                  "value": "Over 8",
                  "odd": "2.03"
                },
                {
                  "value": "Under 8",
                  "odd": "1.72"
                },
                {
                  "value": "Over 8.5",
                  "odd": "2.17"
                },
                {
                  "value": "Under 8.5",
                  "odd": "1.61"
                },
                {
                  "value": "Over 9",
                  "odd": "2.53"
                },
                {
                  "value": "Under 9",
                  "odd": "1.44"
                },
                {
                  "value": "Over 7",
                  "odd": "1.65"
                },
                {
                  "value": "Under 7",
                  "odd": "2.13"
                },
                {
                  "value": "Over 7.5",
                  "odd": "1.88"
                },
                {
                  "value": "Under 7.5",
                  "odd": "1.87"
                },
                {
                  "value": "Over 6",
                  "odd": "1.39"
                },
                {
                  "value": "Under 6",
                  "odd": "2.72"
                },
                {
                  "value": "Over 6.5",
                  "odd": "1.51"
                },
                {
                  "value": "Under 6.5",
                  "odd": "2.39"
                }
              ]
            },
            {
              "id": 9,
              "name": "Odd/Even (Including OT)",
              "values": [
                {
                  "value": "Odd",
                  "odd": "1.52"
                },
                {
                  "value": "Even",
                  "odd": "2.33"
                }
              ]
            },
            {
              "id": 6,
              "name": "Over/Under (1st 5 Innings)",
              "values": [
                {
                  "value": "Over 3.5",
                  "odd": "1.64"
                },
                {
                  "value": "Under 3.5",
                  "odd": "2.08"
                },
                {
                  "value": "Over 4.5",
                  "odd": "2.09"
                },
                {
                  "value": "Under 4.5",
                  "odd": "1.62"
                },
                {
                  "value": "Over 5.5",
                  "odd": "2.73"
                },
                {
                  "value": "Under 5.5",
                  "odd": "1.38"
                }
              ]
            },
            {
              "id": 10,
              "name": "1x2 (1st Inning)",
              "values": [
                {
                  "value": "Home",
                  "odd": "3.82"
                },
                {
                  "value": "Draw",
                  "odd": "1.63"
                },
                {
                  "value": "Away",
                  "odd": "4.51"
                }
              ]
            },
            {
              "id": 3,
              "name": "Asian Handicap (1st 5 Innings)",
              "values": [
                {
                  "value": "Home +0",
                  "odd": "1.67"
                },
                {
                  "value": "Away +0",
                  "odd": "2.05"
                }
              ]
            },
            {
              "id": 29,
              "name": "1x2 (1st 5 Innings)",
              "values": [
                {
                  "value": "Home",
                  "odd": "2.00"
                },
                {
                  "value": "Draw",
                  "odd": "5.05"
                },
                {
                  "value": "Away",
                  "odd": "2.49"
                }
              ]
            },
            {
              "id": 11,
              "name": "Over/Under (1st Inning)",
              "values": [
                {
                  "value": "Over 1.5",
                  "odd": "3.48"
                },
                {
                  "value": "Under 1.5",
                  "odd": "1.25"
                },
                {
                  "value": "Over 0.5",
                  "odd": "1.99"
                },
                {
                  "value": "Under 0.5",
                  "odd": "1.71"
                }
              ]
            },
            {
              "id": 12,
              "name": "Asian Handicap (1st Inning)",
              "values": [
                {
                  "value": "Home +0",
                  "odd": "1.73"
                },
                {
                  "value": "Away +0",
                  "odd": "1.97"
                },
                {
                  "value": "Home -1.5",
                  "odd": "6.95"
                },
                {
                  "value": "Away -1.5",
                  "odd": "1.06"
                },
                {
                  "value": "Home +1.5",
                  "odd": "1.04"
                },
                {
                  "value": "Away +1.5",
                  "odd": "8.10"
                }
              ]
            },
            {
              "id": 43,
              "name": "Home Team Total Goals (Including OT)",
              "values": [
                {
                  "value": "Over 3.5",
                  "odd": "1.71"
                },
                {
                  "value": "Under 3.5",
                  "odd": "1.99"
                },
                {
                  "value": "Over 3",
                  "odd": "1.46"
                },
                {
                  "value": "Under 3",
                  "odd": "2.49"
                },
                {
                  "value": "Over 4",
                  "odd": "1.95"
                },
                {
                  "value": "Under 4",
                  "odd": "1.74"
                },
                {
                  "value": "Over 4.5",
                  "odd": "2.26"
                },
                {
                  "value": "Under 4.5",
                  "odd": "1.54"
                }
              ]
            },
            {
              "id": 44,
              "name": "Away Team Total Goals (Including OT)",
              "values": [
                {
                  "value": "Over 2.5",
                  "odd": "1.46"
                },
                {
                  "value": "Under 2.5",
                  "odd": "2.45"
                },
                {
                  "value": "Over 3.5",
                  "odd": "1.90"
                },
                {
                  "value": "Under 3.5",
                  "odd": "1.78"
                },
                {
                  "value": "Over 3",
                  "odd": "1.65"
                },
                {
                  "value": "Under 3",
                  "odd": "2.08"
                },
                {
                  "value": "Over 4",
                  "odd": "2.24"
                },
                {
                  "value": "Under 4",
                  "odd": "1.56"
                }
              ]
            }
          ]
        }
      ]
    }
  ]
}