{
  "get": "odds",
  "parameters": {
    "game": "169176"
  },
  "errors": [],
  "results": 1,
  "response": [
    {
      "league": {
        "id": 21,
        "name": "LMB",
        "type": "League",
        "season": 2025,
        "logo": "https://media.api-sports.io/baseball/leagues/21.png"
      },
      "country": {
        "id": 15,
        "name": "Mexico",
        "code": "MX",
        "flag": "https://media.api-sports.io/flags/mx.svg"
      },
      "game": {
        "id": 169176,
        "date": "2025-05-12T00:00:00+00:00",
        "time": "00:00",
        "timestamp": 1747008000,
        "timezone": "UTC",
        "week": null,
        "status": {
          "long": "Finished",
          "short": "FT"
        },
        "country": {
          "id": 15,
          "name": "Mexico",
          "code": "MX",
          "flag": "https://media.api-sports.io/flags/mx.svg"
        },
        "league": {
          "id": 21,
          "name": "LMB",
          "type": "League",
          "season": 2025,
          "logo": "https://media.api-sports.io/baseball/leagues/21.png"
        },
        "teams": {
          "home": {
            "id": 281,
            "name": "Aguascalientes",
            "logo": "https://media.api-sports.io/baseball/teams/281.png"
          },
          "away": {
            "id": 294,
            "name": "Saltillo",
            "logo": "https://media.api-sports.io/baseball/teams/294.png"
          }
        },
        "scores": {
          "home": {
            "hits": 13,
            "errors": 2,
            "innings": {
              "1": 0,
              "2": 3,
              "3": 0,
              "4": 5,
              "5": 0,
              "6": 0,
              "7": 1,
              "8": 0,
              "9": 1,
              "extra": null
            },
            "total": 10
          },
          "away": {
            "hits": 12,
            "errors": 2,
            "innings": {
              "1": 1,
              "2": 0,
              "3": 0,
              "4": 2,
              "5": 0,
              "6": 0,
              "7": 6,
              "8": 0,
              "9": 0,
              "extra": null
            },
            "total": 9
          }
        }
      },
      "bookmakers": [
        {
          "id": 22,
          "name": "WilliamHill",
          "bets": [
            {
              "id": 1,
              "name": "Home/Away",
              "values": [
                {
                  "value": "Home",
                  "odd": "1.95"
                },
                {
                  "value": "Away",
                  "odd": "1.80"
                }
              ]
            }
          ]
        },
        {
          "id": 2,
          "name": "Bet365",
          "bets": [
            {
              "id": 1,
              "name": "Home/Away",
              "values": [
                {
                  "value": "Home",
                  "odd": "1.90"
                },
                {
                  "value": "Away",
                  "odd": "1.76"
                }
              ]
            },
            {
              "id": 2,
              "name": "Asian Handicap",
              "values": [
                {
                  "value": "Home +1.5",
                  "odd": "1.68"
                },
                {
                  "value": "Away +1.5",
                  "odd": "2.05"
                }
              ]
            },
            {
              "id": 5,
              "name": "Over/Under",
              "values": [
                {
                  "value": "Over 14.5",
                  "odd": "1.83"
                },
                {
                  "value": "Under 14.5",
                  "odd": "1.83"
                }
              ]
            }
          ]
        },
        {
          "id": 10,
          "name": "Marathon",
          "bets": [
            {
              "id": 1,
              "name": "Home/Away",
              "values": [
                {
                  "value": "Home",
                  "odd": "1.97"
                },
                {
                  "value": "Away",
                  "odd": "1.81"
                }
              ]
            },
            {
              "id": 2,
              "name": "Asian Handicap",
              "values": [
                {
                  "value": "Home -1",
                  "odd": "2.47"
                },
                {
                  "value": "Away -1",
                  "odd": "1.48"
                },
                {
                  "value": "Home +1",
                  "odd": "1.78"
                },
                {
                  "value": "Away +1",
                  "odd": "1.95"
                },
                {
                  "value": "Home +2",
                  "odd": "1.52"
                },
                {
                  "value": "Away +2",
                  "odd": "2.39"
                },
                {
                  "value": "Home -1.5",
                  "odd": "2.88"
                },
                {
                  "value": "Away -1.5",
                  "odd": "1.35"
                },
                {
                  "value": "Home +3",
                  "odd": "1.34"
                },
                {
                  "value": "Away +3",
                  "odd": "2.93"
                },
                {
                  "value": "Home +1.5",
                  "odd": "1.66"
                },
                {
                  "value": "Away +1.5",
                  "odd": "2.14"
                },
                {
                  "value": "Home +2.5",
                  "odd": "1.44"
                },
                {
                  "value": "Away +2.5",
                  "odd": "2.57"
                }
              ]
            },
            {
              "id": 5,
              "name": "Over/Under",
              "values": [
                {
                  "value": "Over 13.5",
                  "odd": "1.75"
                },
                {
                  "value": "Under 13.5",
                  "odd": "1.96"
                },
                {
                  "value": "Over 14.5",
                  "odd": "1.96"
                },
                {
                  "value": "Under 14.5",
                  "odd": "1.79"
                },
                {
                  "value": "Over 13",
                  "odd": "1.60"
                },
                {
                  "value": "Under 13",
                  "odd": "2.16"
                },
                {
                  "value": "Over 14",
                  "odd": "1.85"
                },
                {
                  "value": "Under 14",
                  "odd": "1.87"
                },
                {
                  "value": "Over 15.5",
                  "odd": "2.29"
                },
                {
                  "value": "Under 15.5",
                  "odd": "1.55"
                },
                {
                  "value": "Over 16",
                  "odd": "2.46"
                },
                {
                  "value": "Under 16",
                  "odd": "1.47"
                },
                {
                  "value": "Over 15",
                  "odd": "2.13"
                },
                {
                  "value": "Under 15",
                  "odd": "1.65"
                }
              ]
            },
            {
              "id": 9,
              "name": "Odd/Even (Including OT)",
              "values": [
                {
                  "value": "Odd",
                  "odd": "1.57"
                },
                {
                  "value": "Even",
                  "odd": "2.22"
                }
              ]
            },
            {
              "id": 10,
              "name": "1x2 (1st Inning)",
              "values": [
                {
                  "value": "Home",
                  "odd": "3.12"
                },
                {
                  "value": "Draw",
                  "odd": "2.22"
                },
                {
                  "value": "Away",
                  "odd": "2.96"
                }
              ]
            },
            {
              "id": 33,
              "name": "First Team To Score",
              "values": [
                {
                  "value": "Home",
                  "odd": "2.43"
                },
                {
                  "value": "Away",
                  "odd": "1.48"
                }
              ]
            },
            {
              "id": 45,
              "name": "Last Team To Score",
              "values": [
                {
                  "value": "Home",
                  "odd": "1.71"
                },
                {
                  "value": "Away",
                  "odd": "1.99"
                }
              ]
            },
            {
              "id": 32,
              "name": "Extra Innings",
              "values": [
                {
                  "value": "Yes",
                  "odd": "8.80"
                },
                {
                  "value": "No",
                  "odd": "1.03"
                }
              ]
            },
            {
              "id": 3,
              "name": "Asian Handicap (1st 5 Innings)",
              "values": [
                {
                  "value": "Home +0",
                  "odd": "1.91"
                },
                {
                  "value": "Away +0",
                  "odd": "1.78"
                }
              ]
            },
            {
              "id": 29,
              "name": "1x2 (1st 5 Innings)",
              "values": [
                {
                  "value": "Home",
                  "odd": "2.13"
                },
                {
                  "value": "Draw",
                  "odd": "7.30"
                },
                {
                  "value": "Away",
                  "odd": "1.98"
                }
              ]
            },
            {
              "id": 11,
              "name": "Over/Under (1st Inning)",
              "values": [
                {
                  "value": "Over 1.5",
                  "odd": "2.16"
                },
                {
                  "value": "Under 1.5",
                  "odd": "1.60"
                },
                {
                  "value": "Over 2.5",
                  "odd": "3.26"
                },
                {
                  "value": "Under 2.5",
                  "odd": "1.28"
                },
                {
                  "value": "Over 0.5",
                  "odd": "1.47"
                },
                {
                  "value": "Under 0.5",
                  "odd": "2.46"
                }
              ]
            },
            {
              "id": 12,
              "name": "Asian Handicap (1st Inning)",
              "values": [
                {
                  "value": "Home +0",
                  "odd": "1.88"
                },
                {
                  "value": "Away +0",
                  "odd": "1.80"
                },
                {
                  "value": "Home -1.5",
                  "odd": "5.25"
                },
                {
                  "value": "Away -1.5",
                  "odd": "1.12"
                },
                {
                  "value": "Home +1.5",
                  "odd": "1.13"
                },
                {
                  "value": "Away +1.5",
                  "odd": "4.95"
                }
              ]
            },
            {
              "id": 43,
              "name": "Home Team Total Goals (Including OT)",
              "values": [
                {
                  "value": "Over 7",
                  "odd": "2.05"
                },
                {
                  "value": "Under 7",
                  "odd": "1.67"
                },
                {
                  "value": "Over 6",
                  "odd": "1.64"
                },
                {
                  "value": "Under 6",
                  "odd": "2.10"
                },
                {
                  "value": "Over 6.5",
                  "odd": "1.83"
                },
                {
                  "value": "Under 6.5",
                  "odd": "1.85"
                }
              ]
            },
            {
              "id": 44,
              "name": "Away Team Total Goals (Including OT)",
              "values": [
                {
                  "value": "Over 8",
                  "odd": "2.16"
                },
                {
                  "value": "Under 8",
                  "odd": "1.60"
                },
                {
                  "value": "Over 7",
                  "odd": "1.77"
                },
                {
                  "value": "Under 7",
                  "odd": "1.92"
                },
                {
                  "value": "Over 7.5",
                  "odd": "1.94"
                },
                {
                  "value": "Under 7.5",
                  "odd": "1.75"
                }
              ]
            }
          ]
        },
        {
          "id": 4,
          "name": "Pinnacle",
          "bets": [
            {
              "id": 1,
              "name": "Home/Away",
              "values": [
                {
                  "value": "Home",
                  "odd": "1.94"
                },
                {
                  "value": "Away",
                  "odd": "1.88"
                }
              ]
            },
            {
              "id": 2,
              "name": "Asian Handicap",
              "values": [
                {
                  "value": "Home -2",
                  "odd": "3.07"
                },
                {
                  "value": "Away -2",
                  "odd": "1.35"
                },
                {
                  "value": "Home +2",
                  "odd": "1.54"
                },
                {
                  "value": "Away +2",
                  "odd": "2.46"
                },
                {
                  "value": "Home -1.5",
                  "odd": "2.51"
                },
                {
                  "value": "Away -1.5",
                  "odd": "1.52"
                },
                {
                  "value": "Home +3",
                  "odd": "1.36"
                },
                {
                  "value": "Away +3",
                  "odd": "2.99"
                },
                {
                  "value": "Home +1.5",
                  "odd": "1.68"
                },
                {
                  "value": "Away +1.5",
                  "odd": "2.21"
                },
                {
                  "value": "Home -2.5",
                  "odd": "3.29"
                },
                {
                  "value": "Away -2.5",
                  "odd": "1.30"
                },
                {
                  "value": "Home +2.5",
                  "odd": "1.46"
                },
                {
                  "value": "Away +2.5",
                  "odd": "2.65"
                }
              ]
            },
            {
              "id": 5,
              "name": "Over/Under",
              "values": [
                {
                  "value": "Over 12.5",
                  "odd": "1.54"
                },
                {
                  "value": "Under 12.5",
                  "odd": "2.49"
                },
                {
                  "value": "Over 13.5",
                  "odd": "1.78"
                },
                {
                  "value": "Under 13.5",
                  "odd": "2.06"
                },
                {
                  "value": "Over 14.5",
                  "odd": "2.04"
                },
                {
                  "value": "Under 14.5",
                  "odd": "1.79"
                },
                {
                  "value": "Over 13",
                  "odd": "1.63"
                },
                {
                  "value": "Under 13",
                  "odd": "2.30"
                },
                {
                  "value": "Over 14",
                  "odd": "1.89"
                },
                {
                  "value": "Under 14",
                  "odd": "1.92"
                },
                {
                  "value": "Over 15.5",
                  "odd": "2.40"
                },
                {
                  "value": "Under 15.5",
                  "odd": "1.58"
                },
                {
                  "value": "Over 16",
                  "odd": "2.52"
                },
                {
                  "value": "Under 16",
                  "odd": "1.53"
                },
                {
                  "value": "Over 15",
                  "odd": "2.23"
                },
                {
                  "value": "Under 15",
                  "odd": "1.66"
                }
              ]
            }
          ]
        },
        {
          "id": 5,
          "name": "SBO",
          "bets": [
            {
              "id": 1,
              "name": "Home/Away",
              "values": [
                {
                  "value": "Home",
                  "odd": "1.86"
                },
                {
                  "value": "Away",
                  "odd": "1.80"
                }
              ]
            },
            {
              "id": 2,
              "name": "Asian Handicap",
              "values": [
                {
                  "value": "Home -2",
                  "odd": "2.92"
                },
                {
                  "value": "Away -2",
                  "odd": "1.32"
                },
                {
                  "value": "Home +2",
                  "odd": "1.49"
                },
                {
                  "value": "Away +2",
                  "odd": "2.35"
                },
                {
                  "value": "Home -1.5",
                  "odd": "2.38"
                },
                {
                  "value": "Away -1.5",
                  "odd": "1.47"
                },
                {
                  "value": "Home +1.5",
                  "odd": "1.61"
                },
                {
                  "value": "Away +1.5",
                  "odd": "2.09"
                },
                {
                  "value": "Home +2.5",
                  "odd": "1.43"
                },
                {
                  "value": "Away +2.5",
                  "odd": "2.49"
                }
              ]
            },
            {
              "id": 5,
              "name": "Over/Under",
              "values": [
                {
                  "value": "Over 13.5",
                  "odd": "1.71"
                },
                {
                  "value": "Under 13.5",
                  "odd": "1.95"
                },
                {
                  "value": "Over 14.5",
                  "odd": "1.94"
                },
                {
                  "value": "Under 14.5",
                  "odd": "1.72"
                },
                {
                  "value": "Over 13",
                  "odd": "1.57"
                },
                {
                  "value": "Under 13",
                  "odd": "2.17"
                },
                {
                  "value": "Over 14",
                  "odd": "1.81"
                },
                {
                  "value": "Under 14",
                  "odd": "1.85"
                },
                {
                  "value": "Over 15",
                  "odd": "2.12"
                },
                {
                  "value": "Under 15",
                  "odd": "1.60"
                }
              ]
            }
          ]
        },
        {
          "id": 1,
          "name": "1xbet",
          "bets": [
            {
              "id": 1,
              "name": "Home/Away",
              "values": [
                {
                  "value": "Home",
                  "odd": "1.97"
                },
                {
                  "value": "Away",
                  "odd": "1.81"
                }
              ]
            },
            {
              "id": 2,
              "name": "Asian Handicap",
              "values": [
                {
                  "value": "Home -1",
                  "odd": "2.47"
                },
                {
                  "value": "Away -1",
                  "odd": "1.48"
                },
                {
                  "value": "Home +1",
                  "odd": "1.78"
                },
                {
                  "value": "Away +1",
                  "odd": "1.95"
                },
                {
                  "value": "Home +2",
                  "odd": "1.52"
                },
                {
                  "value": "Away +2",
                  "odd": "2.39"
                },
                {
                  "value": "Home -1.5",
                  "odd": "2.88"
                },
                {
                  "value": "Away -1.5",
                  "odd": "1.35"
                },
                {
                  "value": "Home +3",
                  "odd": "1.34"
                },
                {
                  "value": "Away +3",
                  "odd": "2.93"
                },
                {
                  "value": "Home +1.5",
                  "odd": "1.66"
                },
                {
                  "value": "Away +1.5",
                  "odd": "2.14"
                },
                {
                  "value": "Home +2.5",
                  "odd": "1.44"
                },
                {
                  "value": "Away +2.5",
                  "odd": "2.57"
                }
              ]
            },
            {
              "id": 5,
              "name": "Over/Under",
              "values": [
                {
                  "value": "Over 13.5",
                  "odd": "1.75"
                },
                {
                  "value": "Under 13.5",
                  "odd": "1.96"
                },
                {
                  "value": "Over 14.5",
                  "odd": "1.96"
                },
                {
                  "value": "Under 14.5",
                  "odd": "1.79"
                },
                {
                  "value": "Over 13",
                  "odd": "1.60"
                },
                {
                  "value": "Under 13",
                  "odd": "2.16"
                },
                {
                  "value": "Over 14",
                  "odd": "1.85"
                },
                {
                  "value": "Under 14",
                  "odd": "1.87"
                },
                {
                  "value": "Over 15.5",
                  "odd": "2.29"
                },
                {
                  "value": "Under 15.5",
                  "odd": "1.55"
                },
                {
                  "value": "Over 16",
                  "odd": "2.46"
                },
                {
                  "value": "Under 16",
                  "odd": "1.47"
                },
                {
                  "value": "Over 15",
                  "odd": "2.13"
                },
                {
                  "value": "Under 15",
                  "odd": "1.65"
                }
              ]
            },
            {
              "id": 9,
              "name": "Odd/Even (Including OT)",
              "values": [
                {
                  "value": "Odd",
                  "odd": "1.57"
                },
                {
                  "value": "Even",
                  "odd": "2.22"
                }
              ]
            },
            {
              "id": 6,
              "name": "Over/Under (1st 5 Innings)",
              "values": [
                {
                  "value": "Over 8.5",
                  "odd": "2.05"
                },
                {
                  "value": "Under 8.5",
                  "odd": "1.65"
                },
                {
                  "value": "Over 7.5",
                  "odd": "1.73"
                },
                {
                  "value": "Under 7.5",
                  "odd": "1.94"
                },
                {
                  "value": "Over 6.5",
                  "odd": "1.50"
                },
                {
                  "value": "Under 6.5",
                  "odd": "2.35"
                }
              ]
            },
            {
              "id": 10,
              "name": "1x2 (1st Inning)",
              "values": [
                {
                  "value": "Home",
                  "odd": "3.12"
                },
                {
                  "value": "Draw",
                  "odd": "2.22"
                },
                {
                  "value": "Away",
                  "odd": "2.96"
                }
              ]
            },
            {
              "id": 3,
              "name": "Asian Handicap (1st 5 Innings)",
              "values": [
                {
                  "value": "Home +0",
                  "odd": "1.91"
                },
                {
                  "value": "Away +0",
                  "odd": "1.78"
                }
              ]
            },
            {
              "id": 29,
              "name": "1x2 (1st 5 Innings)",
              "values": [
                {
                  "value": "Home",
                  "odd": "2.13"
                },
                {
                  "value": "Draw",
                  "odd": "7.30"
                },
                {
                  "value": "Away",
                  "odd": "1.98"
                }
              ]
            },
            {
              "id": 11,
              "name": "Over/Under (1st Inning)",
              "values": [
                {
                  "value": "Over 1.5",
                  "odd": "2.16"
                },
                {
                  "value": "Under 1.5",
                  "odd": "1.60"
                },
                {
                  "value": "Over 2.5",
                  "odd": "3.26"
                },
                {
                  "value": "Under 2.5",
                  "odd": "1.28"
                },
                {
                  "value": "Over 0.5",
                  "odd": "1.47"
                },
                {
                  "value": "Under 0.5",
                  "odd": "2.46"
                }
              ]
            },
            {
              "id": 12,
              "name": "Asian Handicap (1st Inning)",
              "values": [
                {
                  "value": "Home +0",
                  "odd": "1.88"
                },
                {
                  "value": "Away +0",
                  "odd": "1.80"
                },
                {
                  "value": "Home -1.5",
                  "odd": "5.25"
                },
                {
                  "value": "Away -1.5",
                  "odd": "1.12"
                },
                {
                  "value": "Home +1.5",
                  "odd": "1.13"
                },
                {
                  "value": "Away +1.5",
                  "odd": "4.95"
                }
              ]
            },
            {
              "id": 43,
              "name": "Home Team Total Goals (Including OT)",
              "values": [
                {
                  "value": "Over 7",
                  "odd": "2.05"
                },
                {
                  "value": "Under 7",
                  "odd": "1.67"
                },
                {
                  "value": "Over 7.5",
                  "odd": "2.20"
                },
                {
                  "value": "Under 7.5",
                  "odd": "1.57"
                },
                {
                  "value": "Over 6",
                  "odd": "1.64"
                },
                {
                  "value": "Under 6",
                  "odd": "2.10"
                },
                {
                  "value": "Over 6.5",
                  "odd": "1.83"
                },
                {
                  "value": "Under 6.5",
                  "odd": "1.85"
                }
              ]
            },
            {
              "id": 44,
              "name": "Away Team Total Goals (Including OT)",
              "values": [
                {
                  "value": "Over 8",
                  "odd": "2.16"
                },
                {
                  "value": "Under 8",
                  "odd": "1.60"
                },
                {
                  "value": "Over 7",
                  "odd": "1.77"
                },
                {
                  "value": "Under 7",
                  "odd": "1.92"
                },
                {
                  "value": "Over 7.5",
                  "odd": "1.94"
                },
                {
                  "value": "Under 7.5",
                  "odd": "1.75"
                },
                {
                  "value": "Over 6.5",
                  "odd": "1.59"
                },
                {
                  "value": "Under 6.5",
                  "odd": "2.16"
                }
              ]
            }
          ]
        }
      ]
    }
  ]
}