{
  "get": "games",
  "parameters": {
    "h2h": "9-20"
  },
  "errors": [],
  "results": 54,
  "response": [
    {
      "id": 119015,
      "date": "2010-03-15T20:05:00+00:00",
      "time": "20:05",
      "timestamp": 1268683500,
      "timezone": "UTC",
      "week": null,
      "status": {
        "long": "Finished",
        "short": "FT"
      },
      "country": {
        "id": 1,
        "name": "USA",
        "code": "US",
        "flag": "https://media.api-sports.io/flags/us.svg"
      },
      "league": {
        "id": 1,
        "name": "MLB",
        "type": "League",
        "logo": "https://media.api-sports.io/baseball/leagues/1.png",
        "season": 2010
      },
      "teams": {
        "home": {
          "id": 20,
          "name": "Milwaukee Brewers",
          "logo": "https://media.api-sports.io/baseball/teams/20.png"
        },
        "away": {
          "id": 9,
          "name": "Cleveland Indians",
          "logo": "https://media.api-sports.io/baseball/teams/9.png"
        }
      },
      "scores": {
        "home": {
          "hits": 0,
          "errors": 0,
          "innings": {
            "1": 2,
            "2": 1,
            "3": 1,
            "4": 1,
            "5": 0,
            "6": 0,
            "7": 0,
            "8": 0,
            "9": 0,
            "extra": null
          },
          "total": 5
        },
        "away": {
          "hits": 0,
          "errors": 0,
          "innings": {
            "1": 0,
            "2": 0,
            "3": 0,
            "4": 1,
            "5": 0,
            "6": 0,
            "7": 1,
            "8": 0,
            "9": 2,
            "extra": null
          },
          "total": 4
        }
      }
    },
    {
      "id": 119131,
      "date": "2010-03-23T20:05:00+00:00",
      "time": "20:05",
      "timestamp": 1269374700,
      "timezone": "UTC",
      "week": null,
      "status": {
        "long": "Finished",
        "short": "FT"
      },
      "country": {
        "id": 1,
        "name": "USA",
        "code": "US",
        "flag": "https://media.api-sports.io/flags/us.svg"
      },
      "league": {
        "id": 1,
        "name": "MLB",
        "type": "League",
        "logo": "https://media.api-sports.io/baseball/leagues/1.png",
        "season": 2010
      },
      "teams": {
        "home": {
          "id": 9,
          "name": "Cleveland Indians",
          "logo": "https://media.api-sports.io/baseball/teams/9.png"
        },
        "away": {
          "id": 20,
          "name": "Milwaukee Brewers",
          "logo": "https://media.api-sports.io/baseball/teams/20.png"
        }
      },
      "scores": {
        "home": {
          "hits": 0,
          "errors": 0,
          "innings": {
            "1": 0,
            "2": 0,
            "3": 0,
            "4": 1,
            "5": 0,
            "6": 0,
            "7": 1,
            "8": 0,
            "9": 0,
            "extra": null
          },
          "total": 2
        },
        "away": {
          "hits": 0,
          "errors": 0,
          "innings": {
            "1": 4,
            "2": 5,
            "3": 0,
            "4": 0,
            "5": 0,
            "6": 0,
            "7": 0,
            "8": 0,
            "9": 1,
            "extra": null
          },
          "total": 10
        }
      }
    },
    {
      "id": 121871,
      "date": "2011-03-15T20:05:00+00:00",
      "time": "20:05",
      "timestamp": 1300219500,
      "timezone": "UTC",
      "week": null,
      "status": {
        "long": "Finished",
        "short": "FT"
      },
      "country": {
        "id": 1,
        "name": "USA",
        "code": "US",
        "flag": "https://media.api-sports.io/flags/us.svg"
      },
      "league": {
        "id": 1,
        "name": "MLB",
        "type": "League",
        "logo": "https://media.api-sports.io/baseball/leagues/1.png",
        "season": 2011
      },
      "teams": {
        "home": {
          "id": 9,
          "name": "Cleveland Indians",
          "logo": "https://media.api-sports.io/baseball/teams/9.png"
        },
        "away": {
          "id": 20,
          "name": "Milwaukee Brewers",
          "logo": "https://media.api-sports.io/baseball/teams/20.png"
        }
      },
      "scores": {
        "home": {
          "hits": 0,
          "errors": 0,
          "innings": {
            "1": 2,
            "2": 0,
            "3": 0,
            "4": 2,
            "5": 0,
            "6": 2,
            "7": 3,
            "8": 0,
            "9": null,
            "extra": null
          },
          "total": 9
        },
        "away": {
          "hits": 0,
          "errors": 0,
          "innings": {
            "1": 1,
            "2": 0,
            "3": 0,
            "4": 0,
            "5": 0,
            "6": 0,
            "7": 6,
            "8": 0,
            "9": 0,
            "extra": null
          },
          "total": 7
        }
      }
    },
    {
      "id": 122004,
      "date": "2011-03-25T20:05:00+00:00",
      "time": "20:05",
      "timestamp": 1301083500,
      "timezone": "UTC",
      "week": null,
      "status": {
        "long": "Finished",
        "short": "FT"
      },
      "country": {
        "id": 1,
        "name": "USA",
        "code": "US",
        "flag": "https://media.api-sports.io/flags/us.svg"
      },
      "league": {
        "id": 1,
        "name": "MLB",
        "type": "League",
        "logo": "https://media.api-sports.io/baseball/leagues/1.png",
        "season": 2011
      },
      "teams": {
        "home": {
          "id": 20,
          "name": "Milwaukee Brewers",
          "logo": "https://media.api-sports.io/baseball/teams/20.png"
        },
        "away": {
          "id": 9,
          "name": "Cleveland Indians",
          "logo": "https://media.api-sports.io/baseball/teams/9.png"
        }
      },
      "scores": {
        "home": {
          "hits": 0,
          "errors": 0,
          "innings": {
            "1": 0,
            "2": 1,
            "3": 0,
            "4": 1,
            "5": 0,
            "6": 5,
            "7": 0,
            "8": 0,
            "9": null,
            "extra": null
          },
          "total": 7
        },
        "away": {
          "hits": 0,
          "errors": 0,
          "innings": {
            "1": 0,
            "2": 0,
            "3": 0,
            "4": 3,
            "5": 0,
            "6": 0,
            "7": 0,
            "8": 1,
            "9": 0,
            "extra": null
          },
          "total": 4
        }
      }
    },
    {
      "id": 124752,
      "date": "2012-03-26T20:05:00+00:00",
      "time": "20:05",
      "timestamp": 1332792300,
      "timezone": "UTC",
      "week": null,
      "status": {
        "long": "Finished",
        "short": "FT"
      },
      "country": {
        "id": 1,
        "name": "USA",
        "code": "US",
        "flag": "https://media.api-sports.io/flags/us.svg"
      },
      "league": {
        "id": 1,
        "name": "MLB",
        "type": "League",
        "logo": "https://media.api-sports.io/baseball/leagues/1.png",
        "season": 2012
      },
      "teams": {
        "home": {
          "id": 9,
          "name": "Cleveland Indians",
          "logo": "https://media.api-sports.io/baseball/teams/9.png"
        },
        "away": {
          "id": 20,
          "name": "Milwaukee Brewers",
          "logo": "https://media.api-sports.io/baseball/teams/20.png"
        }
      },
      "scores": {
        "home": {
          "hits": null,
          "errors": null,
          "innings": {
            "1": null,
            "2": null,
            "3": null,
            "4": null,
            "5": null,
            "6": null,
            "7": null,
            "8": null,
            "9": null,
            "extra": null
          },
          "total": 5
        },
        "away": {
          "hits": null,
          "errors": null,
          "innings": {
            "1": null,
            "2": null,
            "3": null,
            "4": null,
            "5": null,
            "6": null,
            "7": null,
            "8": null,
            "9": null,
            "extra": null
          },
          "total": 6
        }
      }
    },
    {
      "id": 127549,
      "date": "2013-03-15T20:05:00+00:00",
      "time": "20:05",
      "timestamp": 1363377900,
      "timezone": "UTC",
      "week": null,
      "status": {
        "long": "Finished",
        "short": "FT"
      },
      "country": {
        "id": 1,
        "name": "USA",
        "code": "US",
        "flag": "https://media.api-sports.io/flags/us.svg"
      },
      "league": {
        "id": 1,
        "name": "MLB",
        "type": "League",
        "logo": "https://media.api-sports.io/baseball/leagues/1.png",
        "season": 2013
      },
      "teams": {
        "home": {
          "id": 20,
          "name": "Milwaukee Brewers",
          "logo": "https://media.api-sports.io/baseball/teams/20.png"
        },
        "away": {
          "id": 9,
          "name": "Cleveland Indians",
          "logo": "https://media.api-sports.io/baseball/teams/9.png"
        }
      },
      "scores": {
        "home": {
          "hits": 10,
          "errors": 0,
          "innings": {
            "1": 0,
            "2": 2,
            "3": 0,
            "4": 2,
            "5": 0,
            "6": 0,
            "7": 0,
            "8": 0,
            "9": null,
            "extra": null
          },
          "total": 4
        },
        "away": {
          "hits": 8,
          "errors": 0,
          "innings": {
            "1": 2,
            "2": 0,
            "3": 0,
            "4": 0,
            "5": 0,
            "6": 0,
            "7": 0,
            "8": 0,
            "9": 1,
            "extra": null
          },
          "total": 3
        }
      }
    },
    {
      "id": 127597,
      "date": "2013-03-18T20:05:00+00:00",
      "time": "20:05",
      "timestamp": 1363637100,
      "timezone": "UTC",
      "week": null,
      "status": {
        "long": "Finished",
        "short": "FT"
      },
      "country": {
        "id": 1,
        "name": "USA",
        "code": "US",
        "flag": "https://media.api-sports.io/flags/us.svg"
      },
      "league": {
        "id": 1,
        "name": "MLB",
        "type": "League",
        "logo": "https://media.api-sports.io/baseball/leagues/1.png",
        "season": 2013
      },
      "teams": {
        "home": {
          "id": 9,
          "name": "Cleveland Indians",
          "logo": "https://media.api-sports.io/baseball/teams/9.png"
        },
        "away": {
          "id": 20,
          "name": "Milwaukee Brewers",
          "logo": "https://media.api-sports.io/baseball/teams/20.png"
        }
      },
      "scores": {
        "home": {
          "hits": 9,
          "errors": 0,
          "innings": {
            "1": 1,
            "2": 0,
            "3": 0,
            "4": 0,
            "5": 0,
            "6": 2,
            "7": 0,
            "8": 1,
            "9": null,
            "extra": null
          },
          "total": 4
        },
        "away": {
          "hits": 9,
          "errors": 1,
          "innings": {
            "1": 0,
            "2": 1,
            "3": 0,
            "4": 1,
            "5": 0,
            "6": 0,
            "7": 0,
            "8": 0,
            "9": 0,
            "extra": null
          },
          "total": 2
        }
      }
    },
    {
      "id": 130378,
      "date": "2014-03-09T20:05:00+00:00",
      "time": "20:05",
      "timestamp": 1394395500,
      "timezone": "UTC",
      "week": null,
      "status": {
        "long": "Finished",
        "short": "FT"
      },
      "country": {
        "id": 1,
        "name": "USA",
        "code": "US",
        "flag": "https://media.api-sports.io/flags/us.svg"
      },
      "league": {
        "id": 1,
        "name": "MLB",
        "type": "League",
        "logo": "https://media.api-sports.io/baseball/leagues/1.png",
        "season": 2014
      },
      "teams": {
        "home": {
          "id": 9,
          "name": "Cleveland Indians",
          "logo": "https://media.api-sports.io/baseball/teams/9.png"
        },
        "away": {
          "id": 20,
          "name": "Milwaukee Brewers",
          "logo": "https://media.api-sports.io/baseball/teams/20.png"
        }
      },
      "scores": {
        "home": {
          "hits": 8,
          "errors": 0,
          "innings": {
            "1": 1,
            "2": 2,
            "3": 0,
            "4": 0,
            "5": 0,
            "6": 1,
            "7": 0,
            "8": 0,
            "9": null,
            "extra": null
          },
          "total": 4
        },
        "away": {
          "hits": 8,
          "errors": 1,
          "innings": {
            "1": 0,
            "2": 0,
            "3": 0,
            "4": 0,
            "5": 0,
            "6": 0,
            "7": 0,
            "8": 0,
            "9": 2,
            "extra": null
          },
          "total": 2
        }
      }
    },
    {
      "id": 130622,
      "date": "2014-03-26T20:05:00+00:00",
      "time": "20:05",
      "timestamp": 1395864300,
      "timezone": "UTC",
      "week": null,
      "status": {
        "long": "Finished",
        "short": "FT"
      },
      "country": {
        "id": 1,
        "name": "USA",
        "code": "US",
        "flag": "https://media.api-sports.io/flags/us.svg"
      },
      "league": {
        "id": 1,
        "name": "MLB",
        "type": "League",
        "logo": "https://media.api-sports.io/baseball/leagues/1.png",
        "season": 2014
      },
      "teams": {
        "home": {
          "id": 9,
          "name": "Cleveland Indians",
          "logo": "https://media.api-sports.io/baseball/teams/9.png"
        },
        "away": {
          "id": 20,
          "name": "Milwaukee Brewers",
          "logo": "https://media.api-sports.io/baseball/teams/20.png"
        }
      },
      "scores": {
        "home": {
          "hits": 17,
          "errors": 1,
          "innings": {
            "1": 2,
            "2": 1,
            "3": 1,
            "4": 2,
            "5": 0,
            "6": 1,
            "7": 3,
            "8": 0,
            "9": null,
            "extra": null
          },
          "total": 10
        },
        "away": {
          "hits": 8,
          "errors": 0,
          "innings": {
            "1": 0,
            "2": 0,
            "3": 0,
            "4": 1,
            "5": 0,
            "6": 0,
            "7": 0,
            "8": 1,
            "9": 1,
            "extra": null
          },
          "total": 3
        }
      }
    },
    {
      "id": 22728,
      "date": "2015-03-28T20:05:00+00:00",
      "time": "20:05",
      "timestamp": 1427573100,
      "timezone": "UTC",
      "week": null,
      "status": {
        "long": "Finished",
        "short": "FT"
      },
      "country": {
        "id": 1,
        "name": "USA",
        "code": "US",
        "flag": "https://media.api-sports.io/flags/us.svg"
      },
      "league": {
        "id": 1,
        "name": "MLB",
        "type": "League",
        "logo": "https://media.api-sports.io/baseball/leagues/1.png",
        "season": 2015
      },
      "teams": {
        "home": {
          "id": 20,
          "name": "Milwaukee Brewers",
          "logo": "https://media.api-sports.io/baseball/teams/20.png"
        },
        "away": {
          "id": 9,
          "name": "Cleveland Indians",
          "logo": "https://media.api-sports.io/baseball/teams/9.png"
        }
      },
      "scores": {
        "home": {
          "hits": 8,
          "errors": 0,
          "innings": {
            "1": 1,
            "2": 0,
            "3": 0,
            "4": 0,
            "5": 1,
            "6": 0,
            "7": 0,
            "8": 0,
            "9": 0,
            "extra": null
          },
          "total": 2
        },
        "away": {
          "hits": 9,
          "errors": 1,
          "innings": {
            "1": 0,
            "2": 0,
            "3": 2,
            "4": 0,
            "5": 0,
            "6": 0,
            "7": 0,
            "8": 1,
            "9": 0,
            "extra": null
          },
          "total": 3
        }
      }
    },
    {
      "id": 22811,
      "date": "2015-04-03T20:05:00+00:00",
      "time": "20:05",
      "timestamp": 1428091500,
      "timezone": "UTC",
      "week": null,
      "status": {
        "long": "Finished",
        "short": "FT"
      },
      "country": {
        "id": 1,
        "name": "USA",
        "code": "US",
        "flag": "https://media.api-sports.io/flags/us.svg"
      },
      "league": {
        "id": 1,
        "name": "MLB",
        "type": "League",
        "logo": "https://media.api-sports.io/baseball/leagues/1.png",
        "season": 2015
      },
      "teams": {
        "home": {
          "id": 9,
          "name": "Cleveland Indians",
          "logo": "https://media.api-sports.io/baseball/teams/9.png"
        },
        "away": {
          "id": 20,
          "name": "Milwaukee Brewers",
          "logo": "https://media.api-sports.io/baseball/teams/20.png"
        }
      },
      "scores": {
        "home": {
          "hits": 8,
          "errors": 2,
          "innings": {
            "1": 0,
            "2": 3,
            "3": 0,
            "4": 0,
            "5": 0,
            "6": 0,
            "7": 0,
            "8": 0,
            "9": 0,
            "extra": null
          },
          "total": 3
        },
        "away": {
          "hits": 10,
          "errors": 0,
          "innings": {
            "1": 0,
            "2": 2,
            "3": 4,
            "4": 0,
            "5": 0,
            "6": 0,
            "7": 0,
            "8": 0,
            "9": 0,
            "extra": null
          },
          "total": 6
        }
      }
    },
    {
      "id": 22831,
      "date": "2015-04-04T19:05:00+00:00",
      "time": "19:05",
      "timestamp": 1428174300,
      "timezone": "UTC",
      "week": null,
      "status": {
        "long": "Finished",
        "short": "FT"
      },
      "country": {
        "id": 1,
        "name": "USA",
        "code": "US",
        "flag": "https://media.api-sports.io/flags/us.svg"
      },
      "league": {
        "id": 1,
        "name": "MLB",
        "type": "League",
        "logo": "https://media.api-sports.io/baseball/leagues/1.png",
        "season": 2015
      },
      "teams": {
        "home": {
          "id": 20,
          "name": "Milwaukee Brewers",
          "logo": "https://media.api-sports.io/baseball/teams/20.png"
        },
        "away": {
          "id": 9,
          "name": "Cleveland Indians",
          "logo": "https://media.api-sports.io/baseball/teams/9.png"
        }
      },
      "scores": {
        "home": {
          "hits": 10,
          "errors": 0,
          "innings": {
            "1": 2,
            "2": 0,
            "3": 1,
            "4": 0,
            "5": 0,
            "6": 0,
            "7": 0,
            "8": 0,
            "9": 1,
            "extra": null
          },
          "total": 4
        },
        "away": {
          "hits": 11,
          "errors": 2,
          "innings": {
            "1": 0,
            "2": 1,
            "3": 0,
            "4": 0,
            "5": 2,
            "6": 0,
            "7": 0,
            "8": 0,
            "9": 0,
            "extra": null
          },
          "total": 3
        }
      }
    },
    {
      "id": 24230,
      "date": "2015-07-22T00:10:00+00:00",
      "time": "00:10",
      "timestamp": 1437523800,
      "timezone": "UTC",
      "week": null,
      "status": {
        "long": "Finished",
        "short": "FT"
      },
      "country": {
        "id": 1,
        "name": "USA",
        "code": "US",
        "flag": "https://media.api-sports.io/flags/us.svg"
      },
      "league": {
        "id": 1,
        "name": "MLB",
        "type": "League",
        "logo": "https://media.api-sports.io/baseball/leagues/1.png",
        "season": 2015
      },
      "teams": {
        "home": {
          "id": 20,
          "name": "Milwaukee Brewers",
          "logo": "https://media.api-sports.io/baseball/teams/20.png"
        },
        "away": {
          "id": 9,
          "name": "Cleveland Indians",
          "logo": "https://media.api-sports.io/baseball/teams/9.png"
        }
      },
      "scores": {
        "home": {
          "hits": 9,
          "errors": 0,
          "innings": {
            "1": 1,
            "2": 2,
            "3": 0,
            "4": 0,
            "5": 0,
            "6": 0,
            "7": 4,
            "8": 1,
            "9": null,
            "extra": null
          },
          "total": 8
        },
        "away": {
          "hits": 9,
          "errors": 1,
          "innings": {
            "1": 0,
            "2": 0,
            "3": 0,
            "4": 0,
            "5": 0,
            "6": 0,
            "7": 1,
            "8": 0,
            "9": 0,
            "extra": null
          },
          "total": 1
        }
      }
    },
    {
      "id": 24243,
      "date": "2015-07-22T18:10:00+00:00",
      "time": "18:10",
      "timestamp": 1437588600,
      "timezone": "UTC",
      "week": null,
      "status": {
        "long": "Finished",
        "short": "FT"
      },
      "country": {
        "id": 1,
        "name": "USA",
        "code": "US",
        "flag": "https://media.api-sports.io/flags/us.svg"
      },
      "league": {
        "id": 1,
        "name": "MLB",
        "type": "League",
        "logo": "https://media.api-sports.io/baseball/leagues/1.png",
        "season": 2015
      },
      "teams": {
        "home": {
          "id": 20,
          "name": "Milwaukee Brewers",
          "logo": "https://media.api-sports.io/baseball/teams/20.png"
        },
        "away": {
          "id": 9,
          "name": "Cleveland Indians",
          "logo": "https://media.api-sports.io/baseball/teams/9.png"
        }
      },
      "scores": {
        "home": {
          "hits": 17,
          "errors": 1,
          "innings": {
            "1": 3,
            "2": 1,
            "3": 0,
            "4": 0,
            "5": 0,
            "6": 0,
            "7": 0,
            "8": 0,
            "9": 1,
            "extra": null
          },
          "total": 5
        },
        "away": {
          "hits": 14,
          "errors": 0,
          "innings": {
            "1": 1,
            "2": 0,
            "3": 3,
            "4": 0,
            "5": 1,
            "6": 0,
            "7": 1,
            "8": 0,
            "9": 1,
            "extra": null
          },
          "total": 7
        }
      }
    },
    {
      "id": 24706,
      "date": "2015-08-25T23:10:00+00:00",
      "time": "23:10",
      "timestamp": 1440544200,
      "timezone": "UTC",
      "week": null,
      "status": {
        "long": "Finished",
        "short": "FT"
      },
      "country": {
        "id": 1,
        "name": "USA",
        "code": "US",
        "flag": "https://media.api-sports.io/flags/us.svg"
      },
      "league": {
        "id": 1,
        "name": "MLB",
        "type": "League",
        "logo": "https://media.api-sports.io/baseball/leagues/1.png",
        "season": 2015
      },
      "teams": {
        "home": {
          "id": 9,
          "name": "Cleveland Indians",
          "logo": "https://media.api-sports.io/baseball/teams/9.png"
        },
        "away": {
          "id": 20,
          "name": "Milwaukee Brewers",
          "logo": "https://media.api-sports.io/baseball/teams/20.png"
        }
      },
      "scores": {
        "home": {
          "hits": 13,
          "errors": 0,
          "innings": {
            "1": 2,
            "2": 2,
            "3": 0,
            "4": 2,
            "5": 3,
            "6": 0,
            "7": 0,
            "8": 2,
            "9": null,
            "extra": null
          },
          "total": 11
        },
        "away": {
          "hits": 7,
          "errors": 2,
          "innings": {
            "1": 1,
            "2": 1,
            "3": 0,
            "4": 0,
            "5": 0,
            "6": 2,
            "7": 0,
            "8": 2,
            "9": 0,
            "extra": null
          },
          "total": 6
        }
      }
    },
    {
      "id": 24722,
      "date": "2015-08-26T23:10:00+00:00",
      "time": "23:10",
      "timestamp": 1440630600,
      "timezone": "UTC",
      "week": null,
      "status": {
        "long": "Finished",
        "short": "FT"
      },
      "country": {
        "id": 1,
        "name": "USA",
        "code": "US",
        "flag": "https://media.api-sports.io/flags/us.svg"
      },
      "league": {
        "id": 1,
        "name": "MLB",
        "type": "League",
        "logo": "https://media.api-sports.io/baseball/leagues/1.png",
        "season": 2015
      },
      "teams": {
        "home": {
          "id": 9,
          "name": "Cleveland Indians",
          "logo": "https://media.api-sports.io/baseball/teams/9.png"
        },
        "away": {
          "id": 20,
          "name": "Milwaukee Brewers",
          "logo": "https://media.api-sports.io/baseball/teams/20.png"
        }
      },
      "scores": {
        "home": {
          "hits": 11,
          "errors": 1,
          "innings": {
            "1": 0,
            "2": 3,
            "3": 1,
            "4": 1,
            "5": 0,
            "6": 0,
            "7": 0,
            "8": 1,
            "9": null,
            "extra": null
          },
          "total": 6
        },
        "away": {
          "hits": 7,
          "errors": 1,
          "innings": {
            "1": 0,
            "2": 1,
            "3": 0,
            "4": 0,
            "5": 1,
            "6": 0,
            "7": 0,
            "8": 0,
            "9": 0,
            "extra": null
          },
          "total": 2
        }
      }
    },
    {
      "id": 19642,
      "date": "2016-03-13T20:05:00+00:00",
      "time": "20:05",
      "timestamp": 1457899500,
      "timezone": "UTC",
      "week": null,
      "status": {
        "long": "Finished",
        "short": "FT"
      },
      "country": {
        "id": 1,
        "name": "USA",
        "code": "US",
        "flag": "https://media.api-sports.io/flags/us.svg"
      },
      "league": {
        "id": 1,
        "name": "MLB",
        "type": "League",
        "logo": "https://media.api-sports.io/baseball/leagues/1.png",
        "season": 2016
      },
      "teams": {
        "home": {
          "id": 9,
          "name": "Cleveland Indians",
          "logo": "https://media.api-sports.io/baseball/teams/9.png"
        },
        "away": {
          "id": 20,
          "name": "Milwaukee Brewers",
          "logo": "https://media.api-sports.io/baseball/teams/20.png"
        }
      },
      "scores": {
        "home": {
          "hits": 6,
          "errors": 1,
          "innings": {
            "1": 4,
            "2": 0,
            "3": 0,
            "4": 0,
            "5": 0,
            "6": 0,
            "7": 0,
            "8": 0,
            "9": 0,
            "extra": null
          },
          "total": 4
        },
        "away": {
          "hits": 7,
          "errors": 1,
          "innings": {
            "1": 2,
            "2": 0,
            "3": 0,
            "4": 0,
            "5": 0,
            "6": 0,
            "7": 3,
            "8": 0,
            "9": 0,
            "extra": null
          },
          "total": 5
        }
      }
    },
    {
      "id": 19840,
      "date": "2016-03-27T20:05:00+00:00",
      "time": "20:05",
      "timestamp": 1459109100,
      "timezone": "UTC",
      "week": null,
      "status": {
        "long": "Finished",
        "short": "FT"
      },
      "country": {
        "id": 1,
        "name": "USA",
        "code": "US",
        "flag": "https://media.api-sports.io/flags/us.svg"
      },
      "league": {
        "id": 1,
        "name": "MLB",
        "type": "League",
        "logo": "https://media.api-sports.io/baseball/leagues/1.png",
        "season": 2016
      },
      "teams": {
        "home": {
          "id": 9,
          "name": "Cleveland Indians",
          "logo": "https://media.api-sports.io/baseball/teams/9.png"
        },
        "away": {
          "id": 20,
          "name": "Milwaukee Brewers",
          "logo": "https://media.api-sports.io/baseball/teams/20.png"
        }
      },
      "scores": {
        "home": {
          "hits": 13,
          "errors": 0,
          "innings": {
            "1": 0,
            "2": 0,
            "3": 0,
            "4": 0,
            "5": 4,
            "6": 2,
            "7": 1,
            "8": 3,
            "9": null,
            "extra": null
          },
          "total": 10
        },
        "away": {
          "hits": 7,
          "errors": 0,
          "innings": {
            "1": 0,
            "2": 0,
            "3": 2,
            "4": 0,
            "5": 0,
            "6": 1,
            "7": 0,
            "8": 0,
            "9": 0,
            "extra": null
          },
          "total": 3
        }
      }
    },
    {
      "id": 16748,
      "date": "2017-03-06T20:05:00+00:00",
      "time": "20:05",
      "timestamp": 1488830700,
      "timezone": "UTC",
      "week": null,
      "status": {
        "long": "Finished",
        "short": "FT"
      },
      "country": {
        "id": 1,
        "name": "USA",
        "code": "US",
        "flag": "https://media.api-sports.io/flags/us.svg"
      },
      "league": {
        "id": 1,
        "name": "MLB",
        "type": "League",
        "logo": "https://media.api-sports.io/baseball/leagues/1.png",
        "season": 2017
      },
      "teams": {
        "home": {
          "id": 9,
          "name": "Cleveland Indians",
          "logo": "https://media.api-sports.io/baseball/teams/9.png"
        },
        "away": {
          "id": 20,
          "name": "Milwaukee Brewers",
          "logo": "https://media.api-sports.io/baseball/teams/20.png"
        }
      },
      "scores": {
        "home": {
          "hits": 13,
          "errors": 0,
          "innings": {
            "1": 1,
            "2": 1,
            "3": 0,
            "4": 1,
            "5": 0,
            "6": 1,
            "7": 0,
            "8": 0,
            "9": 0,
            "extra": null
          },
          "total": 4
        },
        "away": {
          "hits": 15,
          "errors": 0,
          "innings": {
            "1": 2,
            "2": 0,
            "3": 4,
            "4": 0,
            "5": 1,
            "6": 5,
            "7": 0,
            "8": 1,
            "9": 1,
            "extra": null
          },
          "total": 14
        }
      }
    },
    {
      "id": 17056,
      "date": "2017-03-28T20:05:00+00:00",
      "time": "20:05",
      "timestamp": 1490731500,
      "timezone": "UTC",
      "week": null,
      "status": {
        "long": "Finished",
        "short": "FT"
      },
      "country": {
        "id": 1,
        "name": "USA",
        "code": "US",
        "flag": "https://media.api-sports.io/flags/us.svg"
      },
      "league": {
        "id": 1,
        "name": "MLB",
        "type": "League",
        "logo": "https://media.api-sports.io/baseball/leagues/1.png",
        "season": 2017
      },
      "teams": {
        "home": {
          "id": 20,
          "name": "Milwaukee Brewers",
          "logo": "https://media.api-sports.io/baseball/teams/20.png"
        },
        "away": {
          "id": 9,
          "name": "Cleveland Indians",
          "logo": "https://media.api-sports.io/baseball/teams/9.png"
        }
      },
      "scores": {
        "home": {
          "hits": 13,
          "errors": 0,
          "innings": {
            "1": 1,
            "2": 1,
            "3": 0,
            "4": 2,
            "5": 1,
            "6": 2,
            "7": 0,
            "8": 5,
            "9": 1,
            "extra": null
          },
          "total": 13
        },
        "away": {
          "hits": 19,
          "errors": 2,
          "innings": {
            "1": 1,
            "2": 0,
            "3": 1,
            "4": 2,
            "5": 0,
            "6": 0,
            "7": 3,
            "8": 5,
            "9": 0,
            "extra": null
          },
          "total": 12
        }
      }
    },
    {
      "id": 5480,
      "date": "2018-02-26T20:05:00+00:00",
      "time": "20:05",
      "timestamp": 1519675500,
      "timezone": "UTC",
      "week": null,
      "status": {
        "long": "Finished",
        "short": "FT"
      },
      "country": {
        "id": 1,
        "name": "USA",
        "code": "US",
        "flag": "https://media.api-sports.io/flags/us.svg"
      },
      "league": {
        "id": 1,
        "name": "MLB",
        "type": "League",
        "logo": "https://media.api-sports.io/baseball/leagues/1.png",
        "season": 2018
      },
      "teams": {
        "home": {
          "id": 20,
          "name": "Milwaukee Brewers",
          "logo": "https://media.api-sports.io/baseball/teams/20.png"
        },
        "away": {
          "id": 9,
          "name": "Cleveland Indians",
          "logo": "https://media.api-sports.io/baseball/teams/9.png"
        }
      },
      "scores": {
        "home": {
          "hits": 11,
          "errors": 0,
          "innings": {
            "1": 0,
            "2": 0,
            "3": 3,
            "4": 1,
            "5": 0,
            "6": 2,
            "7": 1,
            "8": 0,
            "9": null,
            "extra": null
          },
          "total": 7
        },
        "away": {
          "hits": 11,
          "errors": 1,
          "innings": {
            "1": 0,
            "2": 1,
            "3": 0,
            "4": 1,
            "5": 2,
            "6": 1,
            "7": 0,
            "8": 0,
            "9": 1,
            "extra": null
          },
          "total": 6
        }
      }
    },
    {
      "id": 5575,
      "date": "2018-03-04T20:05:00+00:00",
      "time": "20:05",
      "timestamp": 1520193900,
      "timezone": "UTC",
      "week": null,
      "status": {
        "long": "Finished",
        "short": "FT"
      },
      "country": {
        "id": 1,
        "name": "USA",
        "code": "US",
        "flag": "https://media.api-sports.io/flags/us.svg"
      },
      "league": {
        "id": 1,
        "name": "MLB",
        "type": "League",
        "logo": "https://media.api-sports.io/baseball/leagues/1.png",
        "season": 2018
      },
      "teams": {
        "home": {
          "id": 20,
          "name": "Milwaukee Brewers",
          "logo": "https://media.api-sports.io/baseball/teams/20.png"
        },
        "away": {
          "id": 9,
          "name": "Cleveland Indians",
          "logo": "https://media.api-sports.io/baseball/teams/9.png"
        }
      },
      "scores": {
        "home": {
          "hits": 11,
          "errors": 1,
          "innings": {
            "1": 1,
            "2": 0,
            "3": 0,
            "4": 0,
            "5": 1,
            "6": 0,
            "7": 0,
            "8": 0,
            "9": 0,
            "extra": null
          },
          "total": 2
        },
        "away": {
          "hits": 9,
          "errors": 0,
          "innings": {
            "1": 2,
            "2": 0,
            "3": 0,
            "4": 1,
            "5": 0,
            "6": 2,
            "7": 1,
            "8": 0,
            "9": 0,
            "extra": null
          },
          "total": 6
        }
      }
    },
    {
      "id": 5677,
      "date": "2018-03-11T20:05:00+00:00",
      "time": "20:05",
      "timestamp": 1520798700,
      "timezone": "UTC",
      "week": null,
      "status": {
        "long": "Finished",
        "short": "FT"
      },
      "country": {
        "id": 1,
        "name": "USA",
        "code": "US",
        "flag": "https://media.api-sports.io/flags/us.svg"
      },
      "league": {
        "id": 1,
        "name": "MLB",
        "type": "League",
        "logo": "https://media.api-sports.io/baseball/leagues/1.png",
        "season": 2018
      },
      "teams": {
        "home": {
          "id": 9,
          "name": "Cleveland Indians",
          "logo": "https://media.api-sports.io/baseball/teams/9.png"
        },
        "away": {
          "id": 20,
          "name": "Milwaukee Brewers",
          "logo": "https://media.api-sports.io/baseball/teams/20.png"
        }
      },
      "scores": {
        "home": {
          "hits": 6,
          "errors": 1,
          "innings": {
            "1": 1,
            "2": 0,
            "3": 0,
            "4": 1,
            "5": 0,
            "6": 1,
            "7": 0,
            "8": 1,
            "9": 0,
            "extra": null
          },
          "total": 4
        },
        "away": {
          "hits": 13,
          "errors": 1,
          "innings": {
            "1": 0,
            "2": 0,
            "3": 0,
            "4": 0,
            "5": 0,
            "6": 0,
            "7": 2,
            "8": 0,
            "9": 3,
            "extra": null
          },
          "total": 5
        }
      }
    },
    {
      "id": 6437,
      "date": "2018-05-08T23:40:00+00:00",
      "time": "23:40",
      "timestamp": 1525822800,
      "timezone": "UTC",
      "week": null,
      "status": {
        "long": "Finished",
        "short": "FT"
      },
      "country": {
        "id": 1,
        "name": "USA",
        "code": "US",
        "flag": "https://media.api-sports.io/flags/us.svg"
      },
      "league": {
        "id": 1,
        "name": "MLB",
        "type": "League",
        "logo": "https://media.api-sports.io/baseball/leagues/1.png",
        "season": 2018
      },
      "teams": {
        "home": {
          "id": 20,
          "name": "Milwaukee Brewers",
          "logo": "https://media.api-sports.io/baseball/teams/20.png"
        },
        "away": {
          "id": 9,
          "name": "Cleveland Indians",
          "logo": "https://media.api-sports.io/baseball/teams/9.png"
        }
      },
      "scores": {
        "home": {
          "hits": 8,
          "errors": 0,
          "innings": {
            "1": 2,
            "2": 0,
            "3": 1,
            "4": 0,
            "5": 0,
            "6": 0,
            "7": 0,
            "8": 0,
            "9": null,
            "extra": null
          },
          "total": 3
        },
        "away": {
          "hits": 6,
          "errors": 3,
          "innings": {
            "1": 0,
            "2": 0,
            "3": 1,
            "4": 0,
            "5": 1,
            "6": 0,
            "7": 0,
            "8": 0,
            "9": 0,
            "extra": null
          },
          "total": 2
        }
      }
    },
    {
      "id": 6446,
      "date": "2018-05-09T17:10:00+00:00",
      "time": "17:10",
      "timestamp": 1525885800,
      "timezone": "UTC",
      "week": null,
      "status": {
        "long": "Finished",
        "short": "FT"
      },
      "country": {
        "id": 1,
        "name": "USA",
        "code": "US",
        "flag": "https://media.api-sports.io/flags/us.svg"
      },
      "league": {
        "id": 1,
        "name": "MLB",
        "type": "League",
        "logo": "https://media.api-sports.io/baseball/leagues/1.png",
        "season": 2018
      },
      "teams": {
        "home": {
          "id": 20,
          "name": "Milwaukee Brewers",
          "logo": "https://media.api-sports.io/baseball/teams/20.png"
        },
        "away": {
          "id": 9,
          "name": "Cleveland Indians",
          "logo": "https://media.api-sports.io/baseball/teams/9.png"
        }
      },
      "scores": {
        "home": {
          "hits": 5,
          "errors": 0,
          "innings": {
            "1": 0,
            "2": 0,
            "3": 0,
            "4": 0,
            "5": 0,
            "6": 0,
            "7": 1,
            "8": 0,
            "9": 1,
            "extra": null
          },
          "total": 2
        },
        "away": {
          "hits": 11,
          "errors": 0,
          "innings": {
            "1": 0,
            "2": 0,
            "3": 0,
            "4": 4,
            "5": 0,
            "6": 0,
            "7": 1,
            "8": 0,
            "9": 1,
            "extra": null
          },
          "total": 6
        }
      }
    },
    {
      "id": 6806,
      "date": "2018-06-05T23:10:00+00:00",
      "time": "23:10",
      "timestamp": 1528240200,
      "timezone": "UTC",
      "week": null,
      "status": {
        "long": "Finished",
        "short": "FT"
      },
      "country": {
        "id": 1,
        "name": "USA",
        "code": "US",
        "flag": "https://media.api-sports.io/flags/us.svg"
      },
      "league": {
        "id": 1,
        "name": "MLB",
        "type": "League",
        "logo": "https://media.api-sports.io/baseball/leagues/1.png",
        "season": 2018
      },
      "teams": {
        "home": {
          "id": 9,
          "name": "Cleveland Indians",
          "logo": "https://media.api-sports.io/baseball/teams/9.png"
        },
        "away": {
          "id": 20,
          "name": "Milwaukee Brewers",
          "logo": "https://media.api-sports.io/baseball/teams/20.png"
        }
      },
      "scores": {
        "home": {
          "hits": 8,
          "errors": 0,
          "innings": {
            "1": 0,
            "2": 2,
            "3": 1,
            "4": 0,
            "5": 0,
            "6": 0,
            "7": 0,
            "8": 0,
            "9": null,
            "extra": null
          },
          "total": 3
        },
        "away": {
          "hits": 8,
          "errors": 0,
          "innings": {
            "1": 0,
            "2": 0,
            "3": 1,
            "4": 0,
            "5": 0,
            "6": 0,
            "7": 0,
            "8": 0,
            "9": 1,
            "extra": null
          },
          "total": 2
        }
      }
    },
    {
      "id": 6819,
      "date": "2018-06-06T17:10:00+00:00",
      "time": "17:10",
      "timestamp": 1528305000,
      "timezone": "UTC",
      "week": null,
      "status": {
        "long": "Finished",
        "short": "FT"
      },
      "country": {
        "id": 1,
        "name": "USA",
        "code": "US",
        "flag": "https://media.api-sports.io/flags/us.svg"
      },
      "league": {
        "id": 1,
        "name": "MLB",
        "type": "League",
        "logo": "https://media.api-sports.io/baseball/leagues/1.png",
        "season": 2018
      },
      "teams": {
        "home": {
          "id": 9,
          "name": "Cleveland Indians",
          "logo": "https://media.api-sports.io/baseball/teams/9.png"
        },
        "away": {
          "id": 20,
          "name": "Milwaukee Brewers",
          "logo": "https://media.api-sports.io/baseball/teams/20.png"
        }
      },
      "scores": {
        "home": {
          "hits": 6,
          "errors": 0,
          "innings": {
            "1": 0,
            "2": 0,
            "3": 0,
            "4": 0,
            "5": 3,
            "6": 0,
            "7": 0,
            "8": 0,
            "9": null,
            "extra": null
          },
          "total": 3
        },
        "away": {
          "hits": 9,
          "errors": 1,
          "innings": {
            "1": 0,
            "2": 0,
            "3": 1,
            "4": 0,
            "5": 0,
            "6": 0,
            "7": 0,
            "8": 0,
            "9": 0,
            "extra": null
          },
          "total": 1
        }
      }
    },
    {
      "id": 25546,
      "date": "2019-02-27T20:05:00+00:00",
      "time": "20:05",
      "timestamp": 1551297900,
      "timezone": "UTC",
      "week": null,
      "status": {
        "long": "Finished",
        "short": "FT"
      },
      "country": {
        "id": 1,
        "name": "USA",
        "code": "US",
        "flag": "https://media.api-sports.io/flags/us.svg"
      },
      "league": {
        "id": 1,
        "name": "MLB",
        "type": "League",
        "logo": "https://media.api-sports.io/baseball/leagues/1.png",
        "season": 2019
      },
      "teams": {
        "home": {
          "id": 20,
          "name": "Milwaukee Brewers",
          "logo": "https://media.api-sports.io/baseball/teams/20.png"
        },
        "away": {
          "id": 9,
          "name": "Cleveland Indians",
          "logo": "https://media.api-sports.io/baseball/teams/9.png"
        }
      },
      "scores": {
        "home": {
          "hits": 2,
          "errors": 0,
          "innings": {
            "1": 0,
            "2": 0,
            "3": 1,
            "4": 0,
            "5": 0,
            "6": 0,
            "7": 0,
            "8": 0,
            "9": 0,
            "extra": null
          },
          "total": 1
        },
        "away": {
          "hits": 9,
          "errors": 0,
          "innings": {
            "1": 0,
            "2": 0,
            "3": 1,
            "4": 0,
            "5": 0,
            "6": 0,
            "7": 3,
            "8": 1,
            "9": 1,
            "extra": null
          },
          "total": 6
        }
      }
    },
    {
      "id": 25754,
      "date": "2019-03-13T20:05:00+00:00",
      "time": "20:05",
      "timestamp": 1552507500,
      "timezone": "UTC",
      "week": null,
      "status": {
        "long": "Finished",
        "short": "FT"
      },
      "country": {
        "id": 1,
        "name": "USA",
        "code": "US",
        "flag": "https://media.api-sports.io/flags/us.svg"
      },
      "league": {
        "id": 1,
        "name": "MLB",
        "type": "League",
        "logo": "https://media.api-sports.io/baseball/leagues/1.png",
        "season": 2019
      },
      "teams": {
        "home": {
          "id": 9,
          "name": "Cleveland Indians",
          "logo": "https://media.api-sports.io/baseball/teams/9.png"
        },
        "away": {
          "id": 20,
          "name": "Milwaukee Brewers",
          "logo": "https://media.api-sports.io/baseball/teams/20.png"
        }
      },
      "scores": {
        "home": {
          "hits": 11,
          "errors": 0,
          "innings": {
            "1": 3,
            "2": 0,
            "3": 1,
            "4": 0,
            "5": 3,
            "6": 0,
            "7": 1,
            "8": 1,
            "9": null,
            "extra": null
          },
          "total": 9
        },
        "away": {
          "hits": 5,
          "errors": 1,
          "innings": {
            "1": 0,
            "2": 0,
            "3": 0,
            "4": 0,
            "5": 3,
            "6": 0,
            "7": 0,
            "8": 0,
            "9": 0,
            "extra": null
          },
          "total": 3
        }
      }
    },
    {
      "id": 60553,
      "date": "2020-09-04T23:10:00+00:00",
      "time": "23:10",
      "timestamp": 1599261000,
      "timezone": "UTC",
      "week": null,
      "status": {
        "long": "Finished",
        "short": "FT"
      },
      "country": {
        "id": 1,
        "name": "USA",
        "code": "US",
        "flag": "https://media.api-sports.io/flags/us.svg"
      },
      "league": {
        "id": 1,
        "name": "MLB",
        "type": "League",
        "logo": "https://media.api-sports.io/baseball/leagues/1.png",
        "season": 2020
      },
      "teams": {
        "home": {
          "id": 9,
          "name": "Cleveland Indians",
          "logo": "https://media.api-sports.io/baseball/teams/9.png"
        },
        "away": {
          "id": 20,
          "name": "Milwaukee Brewers",
          "logo": "https://media.api-sports.io/baseball/teams/20.png"
        }
      },
      "scores": {
        "home": {
          "hits": 4,
          "errors": 1,
          "innings": {
            "1": 0,
            "2": 0,
            "3": 0,
            "4": 0,
            "5": 1,
            "6": 0,
            "7": 0,
            "8": 0,
            "9": 0,
            "extra": null
          },
          "total": 1
        },
        "away": {
          "hits": 12,
          "errors": 1,
          "innings": {
            "1": 0,
            "2": 0,
            "3": 0,
            "4": 1,
            "5": 0,
            "6": 0,
            "7": 4,
            "8": 2,
            "9": 0,
            "extra": null
          },
          "total": 7
        }
      }
    },
    {
      "id": 60569,
      "date": "2020-09-05T23:10:00+00:00",
      "time": "23:10",
      "timestamp": 1599347400,
      "timezone": "UTC",
      "week": null,
      "status": {
        "long": "Finished",
        "short": "FT"
      },
      "country": {
        "id": 1,
        "name": "USA",
        "code": "US",
        "flag": "https://media.api-sports.io/flags/us.svg"
      },
      "league": {
        "id": 1,
        "name": "MLB",
        "type": "League",
        "logo": "https://media.api-sports.io/baseball/leagues/1.png",
        "season": 2020
      },
      "teams": {
        "home": {
          "id": 9,
          "name": "Cleveland Indians",
          "logo": "https://media.api-sports.io/baseball/teams/9.png"
        },
        "away": {
          "id": 20,
          "name": "Milwaukee Brewers",
          "logo": "https://media.api-sports.io/baseball/teams/20.png"
        }
      },
      "scores": {
        "home": {
          "hits": 6,
          "errors": 2,
          "innings": {
            "1": 0,
            "2": 0,
            "3": 0,
            "4": 0,
            "5": 3,
            "6": 0,
            "7": 0,
            "8": 0,
            "9": 1,
            "extra": null
          },
          "total": 4
        },
        "away": {
          "hits": 9,
          "errors": 1,
          "innings": {
            "1": 0,
            "2": 0,
            "3": 0,
            "4": 1,
            "5": 0,
            "6": 1,
            "7": 0,
            "8": 1,
            "9": 0,
            "extra": null
          },
          "total": 3
        }
      }
    },
    {
      "id": 60582,
      "date": "2020-09-06T17:10:00+00:00",
      "time": "17:10",
      "timestamp": 1599412200,
      "timezone": "UTC",
      "week": null,
      "status": {
        "long": "Finished",
        "short": "FT"
      },
      "country": {
        "id": 1,
        "name": "USA",
        "code": "US",
        "flag": "https://media.api-sports.io/flags/us.svg"
      },
      "league": {
        "id": 1,
        "name": "MLB",
        "type": "League",
        "logo": "https://media.api-sports.io/baseball/leagues/1.png",
        "season": 2020
      },
      "teams": {
        "home": {
          "id": 9,
          "name": "Cleveland Indians",
          "logo": "https://media.api-sports.io/baseball/teams/9.png"
        },
        "away": {
          "id": 20,
          "name": "Milwaukee Brewers",
          "logo": "https://media.api-sports.io/baseball/teams/20.png"
        }
      },
      "scores": {
        "home": {
          "hits": 8,
          "errors": 0,
          "innings": {
            "1": 1,
            "2": 0,
            "3": 0,
            "4": 1,
            "5": 0,
            "6": 2,
            "7": 0,
            "8": 0,
            "9": null,
            "extra": null
          },
          "total": 4
        },
        "away": {
          "hits": 7,
          "errors": 0,
          "innings": {
            "1": 0,
            "2": 0,
            "3": 0,
            "4": 0,
            "5": 1,
            "6": 0,
            "7": 0,
            "8": 0,
            "9": 0,
            "extra": null
          },
          "total": 1
        }
      }
    },
    {
      "id": 67379,
      "date": "2021-03-04T20:10:00+00:00",
      "time": "20:10",
      "timestamp": 1614888600,
      "timezone": "UTC",
      "week": null,
      "status": {
        "long": "Finished",
        "short": "FT"
      },
      "country": {
        "id": 1,
        "name": "USA",
        "code": "US",
        "flag": "https://media.api-sports.io/flags/us.svg"
      },
      "league": {
        "id": 1,
        "name": "MLB",
        "type": "League",
        "logo": "https://media.api-sports.io/baseball/leagues/1.png",
        "season": 2021
      },
      "teams": {
        "home": {
          "id": 20,
          "name": "Milwaukee Brewers",
          "logo": "https://media.api-sports.io/baseball/teams/20.png"
        },
        "away": {
          "id": 9,
          "name": "Cleveland Indians",
          "logo": "https://media.api-sports.io/baseball/teams/9.png"
        }
      },
      "scores": {
        "home": {
          "hits": 3,
          "errors": 0,
          "innings": {
            "1": 0,
            "2": 0,
            "3": 0,
            "4": 0,
            "5": 0,
            "6": 0,
            "7": 1,
            "8": 0,
            "9": null,
            "extra": null
          },
          "total": 1
        },
        "away": {
          "hits": 5,
          "errors": 1,
          "innings": {
            "1": 0,
            "2": 3,
            "3": 0,
            "4": 1,
            "5": 0,
            "6": 1,
            "7": 0,
            "8": 0,
            "9": null,
            "extra": null
          },
          "total": 5
        }
      }
    },
    {
      "id": 67618,
      "date": "2021-03-22T20:05:00+00:00",
      "time": "20:05",
      "timestamp": 1616443500,
      "timezone": "UTC",
      "week": null,
      "status": {
        "long": "Finished",
        "short": "FT"
      },
      "country": {
        "id": 1,
        "name": "USA",
        "code": "US",
        "flag": "https://media.api-sports.io/flags/us.svg"
      },
      "league": {
        "id": 1,
        "name": "MLB",
        "type": "League",
        "logo": "https://media.api-sports.io/baseball/leagues/1.png",
        "season": 2021
      },
      "teams": {
        "home": {
          "id": 9,
          "name": "Cleveland Indians",
          "logo": "https://media.api-sports.io/baseball/teams/9.png"
        },
        "away": {
          "id": 20,
          "name": "Milwaukee Brewers",
          "logo": "https://media.api-sports.io/baseball/teams/20.png"
        }
      },
      "scores": {
        "home": {
          "hits": 9,
          "errors": 0,
          "innings": {
            "1": 0,
            "2": 1,
            "3": 1,
            "4": 0,
            "5": 0,
            "6": 0,
            "7": 0,
            "8": 0,
            "9": 1,
            "extra": null
          },
          "total": 3
        },
        "away": {
          "hits": 8,
          "errors": 0,
          "innings": {
            "1": 0,
            "2": 0,
            "3": 2,
            "4": 2,
            "5": 2,
            "6": 0,
            "7": 0,
            "8": 0,
            "9": 0,
            "extra": null
          },
          "total": 6
        }
      }
    },
    {
      "id": 64275,
      "date": "2021-09-10T23:10:00+00:00",
      "time": "23:10",
      "timestamp": 1631315400,
      "timezone": "UTC",
      "week": null,
      "status": {
        "long": "Finished",
        "short": "FT"
      },
      "country": {
        "id": 1,
        "name": "USA",
        "code": "US",
        "flag": "https://media.api-sports.io/flags/us.svg"
      },
      "league": {
        "id": 1,
        "name": "MLB",
        "type": "League",
        "logo": "https://media.api-sports.io/baseball/leagues/1.png",
        "season": 2021
      },
      "teams": {
        "home": {
          "id": 9,
          "name": "Cleveland Indians",
          "logo": "https://media.api-sports.io/baseball/teams/9.png"
        },
        "away": {
          "id": 20,
          "name": "Milwaukee Brewers",
          "logo": "https://media.api-sports.io/baseball/teams/20.png"
        }
      },
      "scores": {
        "home": {
          "hits": 3,
          "errors": 3,
          "innings": {
            "1": 2,
            "2": 0,
            "3": 0,
            "4": 0,
            "5": 0,
            "6": 0,
            "7": 0,
            "8": 1,
            "9": 0,
            "extra": null
          },
          "total": 3
        },
        "away": {
          "hits": 12,
          "errors": 2,
          "innings": {
            "1": 1,
            "2": 0,
            "3": 0,
            "4": 2,
            "5": 6,
            "6": 1,
            "7": 0,
            "8": 0,
            "9": 0,
            "extra": null
          },
          "total": 10
        }
      }
    },
    {
      "id": 64291,
      "date": "2021-09-11T22:10:00+00:00",
      "time": "22:10",
      "timestamp": 1631398200,
      "timezone": "UTC",
      "week": null,
      "status": {
        "long": "Finished",
        "short": "FT"
      },
      "country": {
        "id": 1,
        "name": "USA",
        "code": "US",
        "flag": "https://media.api-sports.io/flags/us.svg"
      },
      "league": {
        "id": 1,
        "name": "MLB",
        "type": "League",
        "logo": "https://media.api-sports.io/baseball/leagues/1.png",
        "season": 2021
      },
      "teams": {
        "home": {
          "id": 9,
          "name": "Cleveland Indians",
          "logo": "https://media.api-sports.io/baseball/teams/9.png"
        },
        "away": {
          "id": 20,
          "name": "Milwaukee Brewers",
          "logo": "https://media.api-sports.io/baseball/teams/20.png"
        }
      },
      "scores": {
        "home": {
          "hits": 0,
          "errors": 2,
          "innings": {
            "1": 0,
            "2": 0,
            "3": 0,
            "4": 0,
            "5": 0,
            "6": 0,
            "7": 0,
            "8": 0,
            "9": 0,
            "extra": null
          },
          "total": 0
        },
        "away": {
          "hits": 7,
          "errors": 0,
          "innings": {
            "1": 2,
            "2": 1,
            "3": 0,
            "4": 0,
            "5": 0,
            "6": 0,
            "7": 0,
            "8": 0,
            "9": 0,
            "extra": null
          },
          "total": 3
        }
      }
    },
    {
      "id": 64306,
      "date": "2021-09-12T17:10:00+00:00",
      "time": "17:10",
      "timestamp": 1631466600,
      "timezone": "UTC",
      "week": null,
      "status": {
        "long": "Finished",
        "short": "FT"
      },
      "country": {
        "id": 1,
        "name": "USA",
        "code": "US",
        "flag": "https://media.api-sports.io/flags/us.svg"
      },
      "league": {
        "id": 1,
        "name": "MLB",
        "type": "League",
        "logo": "https://media.api-sports.io/baseball/leagues/1.png",
        "season": 2021
      },
      "teams": {
        "home": {
          "id": 9,
          "name": "Cleveland Indians",
          "logo": "https://media.api-sports.io/baseball/teams/9.png"
        },
        "away": {
          "id": 20,
          "name": "Milwaukee Brewers",
          "logo": "https://media.api-sports.io/baseball/teams/20.png"
        }
      },
      "scores": {
        "home": {
          "hits": 4,
          "errors": 2,
          "innings": {
            "1": 0,
            "2": 0,
            "3": 0,
            "4": 0,
            "5": 0,
            "6": 1,
            "7": 0,
            "8": 0,
            "9": 0,
            "extra": null
          },
          "total": 1
        },
        "away": {
          "hits": 13,
          "errors": 0,
          "innings": {
            "1": 1,
            "2": 3,
            "3": 3,
            "4": 0,
            "5": 0,
            "6": 1,
            "7": 0,
            "8": 3,
            "9": 0,
            "extra": null
          },
          "total": 11
        }
      }
    },
    {
      "id": 71805,
      "date": "2022-03-29T20:05:00+00:00",
      "time": "20:05",
      "timestamp": 1648584300,
      "timezone": "UTC",
      "week": null,
      "status": {
        "long": "Finished",
        "short": "FT"
      },
      "country": {
        "id": 1,
        "name": "USA",
        "code": "US",
        "flag": "https://media.api-sports.io/flags/us.svg"
      },
      "league": {
        "id": 1,
        "name": "MLB",
        "type": "League",
        "logo": "https://media.api-sports.io/baseball/leagues/1.png",
        "season": 2022
      },
      "teams": {
        "home": {
          "id": 9,
          "name": "Cleveland Guardians",
          "logo": "https://media.api-sports.io/baseball/teams/9.png"
        },
        "away": {
          "id": 20,
          "name": "Milwaukee Brewers",
          "logo": "https://media.api-sports.io/baseball/teams/20.png"
        }
      },
      "scores": {
        "home": {
          "hits": 14,
          "errors": 0,
          "innings": {
            "1": 0,
            "2": 0,
            "3": 2,
            "4": 3,
            "5": 2,
            "6": 0,
            "7": 2,
            "8": 1,
            "9": null,
            "extra": null
          },
          "total": 10
        },
        "away": {
          "hits": 6,
          "errors": 1,
          "innings": {
            "1": 0,
            "2": 0,
            "3": 3,
            "4": 0,
            "5": 0,
            "6": 0,
            "7": 0,
            "8": 0,
            "9": 0,
            "extra": null
          },
          "total": 3
        }
      }
    },
    {
      "id": 135828,
      "date": "2023-03-03T20:05:00+00:00",
      "time": "20:05",
      "timestamp": 1677873900,
      "timezone": "UTC",
      "week": null,
      "status": {
        "long": "Finished",
        "short": "FT"
      },
      "country": {
        "id": 1,
        "name": "USA",
        "code": "US",
        "flag": "https://media.api-sports.io/flags/us.svg"
      },
      "league": {
        "id": 1,
        "name": "MLB",
        "type": "League",
        "logo": "https://media.api-sports.io/baseball/leagues/1.png",
        "season": 2023
      },
      "teams": {
        "home": {
          "id": 9,
          "name": "Cleveland Guardians",
          "logo": "https://media.api-sports.io/baseball/teams/9.png"
        },
        "away": {
          "id": 20,
          "name": "Milwaukee Brewers",
          "logo": "https://media.api-sports.io/baseball/teams/20.png"
        }
      },
      "scores": {
        "home": {
          "hits": 8,
          "errors": 1,
          "innings": {
            "1": 0,
            "2": 0,
            "3": 1,
            "4": 0,
            "5": 1,
            "6": 0,
            "7": 2,
            "8": 3,
            "9": null,
            "extra": null
          },
          "total": 7
        },
        "away": {
          "hits": 5,
          "errors": 1,
          "innings": {
            "1": 1,
            "2": 0,
            "3": 0,
            "4": 0,
            "5": 0,
            "6": 0,
            "7": 2,
            "8": 1,
            "9": 0,
            "extra": null
          },
          "total": 4
        }
      }
    },
    {
      "id": 135908,
      "date": "2023-03-10T20:10:00+00:00",
      "time": "20:10",
      "timestamp": 1678479000,
      "timezone": "UTC",
      "week": null,
      "status": {
        "long": "Finished",
        "short": "FT"
      },
      "country": {
        "id": 1,
        "name": "USA",
        "code": "US",
        "flag": "https://media.api-sports.io/flags/us.svg"
      },
      "league": {
        "id": 1,
        "name": "MLB",
        "type": "League",
        "logo": "https://media.api-sports.io/baseball/leagues/1.png",
        "season": 2023
      },
      "teams": {
        "home": {
          "id": 20,
          "name": "Milwaukee Brewers",
          "logo": "https://media.api-sports.io/baseball/teams/20.png"
        },
        "away": {
          "id": 9,
          "name": "Cleveland Guardians",
          "logo": "https://media.api-sports.io/baseball/teams/9.png"
        }
      },
      "scores": {
        "home": {
          "hits": 12,
          "errors": 2,
          "innings": {
            "1": 0,
            "2": 4,
            "3": 4,
            "4": 0,
            "5": 1,
            "6": 0,
            "7": 1,
            "8": 2,
            "9": null,
            "extra": null
          },
          "total": 12
        },
        "away": {
          "hits": 4,
          "errors": 2,
          "innings": {
            "1": 1,
            "2": 0,
            "3": 0,
            "4": 1,
            "5": 0,
            "6": 0,
            "7": 0,
            "8": 1,
            "9": 0,
            "extra": null
          },
          "total": 3
        }
      }
    },
    {
      "id": 137315,
      "date": "2023-06-23T23:10:00+00:00",
      "time": "23:10",
      "timestamp": 1687561800,
      "timezone": "UTC",
      "week": null,
      "status": {
        "long": "Finished",
        "short": "FT"
      },
      "country": {
        "id": 1,
        "name": "USA",
        "code": "US",
        "flag": "https://media.api-sports.io/flags/us.svg"
      },
      "league": {
        "id": 1,
        "name": "MLB",
        "type": "League",
        "logo": "https://media.api-sports.io/baseball/leagues/1.png",
        "season": 2023
      },
      "teams": {
        "home": {
          "id": 9,
          "name": "Cleveland Guardians",
          "logo": "https://media.api-sports.io/baseball/teams/9.png"
        },
        "away": {
          "id": 20,
          "name": "Milwaukee Brewers",
          "logo": "https://media.api-sports.io/baseball/teams/20.png"
        }
      },
      "scores": {
        "home": {
          "hits": 6,
          "errors": 0,
          "innings": {
            "1": 0,
            "2": 0,
            "3": 0,
            "4": 0,
            "5": 0,
            "6": 0,
            "7": 1,
            "8": 0,
            "9": 0,
            "extra": null
          },
          "total": 1
        },
        "away": {
          "hits": 10,
          "errors": 0,
          "innings": {
            "1": 1,
            "2": 0,
            "3": 0,
            "4": 0,
            "5": 0,
            "6": 5,
            "7": 0,
            "8": 0,
            "9": 1,
            "extra": null
          },
          "total": 7
        }
      }
    },
    {
      "id": 137333,
      "date": "2023-06-24T20:10:00+00:00",
      "time": "20:10",
      "timestamp": 1687637400,
      "timezone": "UTC",
      "week": null,
      "status": {
        "long": "Finished",
        "short": "FT"
      },
      "country": {
        "id": 1,
        "name": "USA",
        "code": "US",
        "flag": "https://media.api-sports.io/flags/us.svg"
      },
      "league": {
        "id": 1,
        "name": "MLB",
        "type": "League",
        "logo": "https://media.api-sports.io/baseball/leagues/1.png",
        "season": 2023
      },
      "teams": {
        "home": {
          "id": 9,
          "name": "Cleveland Guardians",
          "logo": "https://media.api-sports.io/baseball/teams/9.png"
        },
        "away": {
          "id": 20,
          "name": "Milwaukee Brewers",
          "logo": "https://media.api-sports.io/baseball/teams/20.png"
        }
      },
      "scores": {
        "home": {
          "hits": 9,
          "errors": 1,
          "innings": {
            "1": 0,
            "2": 0,
            "3": 0,
            "4": 1,
            "5": 0,
            "6": 2,
            "7": 0,
            "8": 1,
            "9": null,
            "extra": null
          },
          "total": 4
        },
        "away": {
          "hits": 4,
          "errors": 1,
          "innings": {
            "1": 1,
            "2": 0,
            "3": 1,
            "4": 0,
            "5": 0,
            "6": 0,
            "7": 0,
            "8": 0,
            "9": 0,
            "extra": null
          },
          "total": 2
        }
      }
    },
    {
      "id": 137347,
      "date": "2023-06-25T17:40:00+00:00",
      "time": "17:40",
      "timestamp": 1687714800,
      "timezone": "UTC",
      "week": null,
      "status": {
        "long": "Finished",
        "short": "FT"
      },
      "country": {
        "id": 1,
        "name": "USA",
        "code": "US",
        "flag": "https://media.api-sports.io/flags/us.svg"
      },
      "league": {
        "id": 1,
        "name": "MLB",
        "type": "League",
        "logo": "https://media.api-sports.io/baseball/leagues/1.png",
        "season": 2023
      },
      "teams": {
        "home": {
          "id": 9,
          "name": "Cleveland Guardians",
          "logo": "https://media.api-sports.io/baseball/teams/9.png"
        },
        "away": {
          "id": 20,
          "name": "Milwaukee Brewers",
          "logo": "https://media.api-sports.io/baseball/teams/20.png"
        }
      },
      "scores": {
        "home": {
          "hits": 10,
          "errors": 0,
          "innings": {
            "1": 0,
            "2": 1,
            "3": 0,
            "4": 0,
            "5": 0,
            "6": 3,
            "7": 0,
            "8": 0,
            "9": 0,
            "extra": 0
          },
          "total": 4
        },
        "away": {
          "hits": 8,
          "errors": 1,
          "innings": {
            "1": 0,
            "2": 0,
            "3": 3,
            "4": 1,
            "5": 0,
            "6": 0,
            "7": 0,
            "8": 0,
            "9": 0,
            "extra": 1
          },
          "total": 5
        }
      }
    },
    {
      "id": 152938,
      "date": "2024-03-06T20:10:00+00:00",
      "time": "20:10",
      "timestamp": 1709755800,
      "timezone": "UTC",
      "week": null,
      "status": {
        "long": "Finished",
        "short": "FT"
      },
      "country": {
        "id": 1,
        "name": "USA",
        "code": "US",
        "flag": "https://media.api-sports.io/flags/us.svg"
      },
      "league": {
        "id": 1,
        "name": "MLB",
        "type": "League",
        "logo": "https://media.api-sports.io/baseball/leagues/1.png",
        "season": 2024
      },
      "teams": {
        "home": {
          "id": 20,
          "name": "Milwaukee Brewers",
          "logo": "https://media.api-sports.io/baseball/teams/20.png"
        },
        "away": {
          "id": 9,
          "name": "Cleveland Guardians",
          "logo": "https://media.api-sports.io/baseball/teams/9.png"
        }
      },
      "scores": {
        "home": {
          "hits": 5,
          "errors": 1,
          "innings": {
            "1": 0,
            "2": 0,
            "3": 0,
            "4": 0,
            "5": 2,
            "6": 1,
            "7": 0,
            "8": 0,
            "9": 0,
            "extra": null
          },
          "total": 3
        },
        "away": {
          "hits": 6,
          "errors": 1,
          "innings": {
            "1": 1,
            "2": 1,
            "3": 0,
            "4": 1,
            "5": 0,
            "6": 0,
            "7": 0,
            "8": 0,
            "9": 0,
            "extra": null
          },
          "total": 3
        }
      }
    },
    {
      "id": 153128,
      "date": "2024-03-19T20:05:00+00:00",
      "time": "20:05",
      "timestamp": 1710878700,
      "timezone": "UTC",
      "week": null,
      "status": {
        "long": "Finished",
        "short": "FT"
      },
      "country": {
        "id": 1,
        "name": "USA",
        "code": "US",
        "flag": "https://media.api-sports.io/flags/us.svg"
      },
      "league": {
        "id": 1,
        "name": "MLB",
        "type": "League",
        "logo": "https://media.api-sports.io/baseball/leagues/1.png",
        "season": 2024
      },
      "teams": {
        "home": {
          "id": 9,
          "name": "Cleveland Guardians",
          "logo": "https://media.api-sports.io/baseball/teams/9.png"
        },
        "away": {
          "id": 20,
          "name": "Milwaukee Brewers",
          "logo": "https://media.api-sports.io/baseball/teams/20.png"
        }
      },
      "scores": {
        "home": {
          "hits": 11,
          "errors": 0,
          "innings": {
            "1": 2,
            "2": 0,
            "3": 1,
            "4": 2,
            "5": 0,
            "6": 0,
            "7": 0,
            "8": 0,
            "9": 0,
            "extra": null
          },
          "total": 5
        },
        "away": {
          "hits": 6,
          "errors": 0,
          "innings": {
            "1": 0,
            "2": 0,
            "3": 0,
            "4": 3,
            "5": 0,
            "6": 2,
            "7": 0,
            "8": 0,
            "9": 3,
            "extra": null
          },
          "total": 8
        }
      }
    },
    {
      "id": 155062,
      "date": "2024-08-17T00:10:00+00:00",
      "time": "00:10",
      "timestamp": 1723853400,
      "timezone": "UTC",
      "week": null,
      "status": {
        "long": "Finished",
        "short": "FT"
      },
      "country": {
        "id": 1,
        "name": "USA",
        "code": "US",
        "flag": "https://media.api-sports.io/flags/us.svg"
      },
      "league": {
        "id": 1,
        "name": "MLB",
        "type": "League",
        "logo": "https://media.api-sports.io/baseball/leagues/1.png",
        "season": 2024
      },
      "teams": {
        "home": {
          "id": 20,
          "name": "Milwaukee Brewers",
          "logo": "https://media.api-sports.io/baseball/teams/20.png"
        },
        "away": {
          "id": 9,
          "name": "Cleveland Guardians",
          "logo": "https://media.api-sports.io/baseball/teams/9.png"
        }
      },
      "scores": {
        "home": {
          "hits": 6,
          "errors": 2,
          "innings": {
            "1": 3,
            "2": 0,
            "3": 1,
            "4": 1,
            "5": 0,
            "6": 0,
            "7": 0,
            "8": 0,
            "9": null,
            "extra": null
          },
          "total": 5
        },
        "away": {
          "hits": 7,
          "errors": 0,
          "innings": {
            "1": 0,
            "2": 0,
            "3": 0,
            "4": 0,
            "5": 0,
            "6": 0,
            "7": 0,
            "8": 3,
            "9": 0,
            "extra": null
          },
          "total": 3
        }
      }
    },
    {
      "id": 155077,
      "date": "2024-08-17T23:15:00+00:00",
      "time": "23:15",
      "timestamp": 1723936500,
      "timezone": "UTC",
      "week": null,
      "status": {
        "long": "Finished",
        "short": "FT"
      },
      "country": {
        "id": 1,
        "name": "USA",
        "code": "US",
        "flag": "https://media.api-sports.io/flags/us.svg"
      },
      "league": {
        "id": 1,
        "name": "MLB",
        "type": "League",
        "logo": "https://media.api-sports.io/baseball/leagues/1.png",
        "season": 2024
      },
      "teams": {
        "home": {
          "id": 20,
          "name": "Milwaukee Brewers",
          "logo": "https://media.api-sports.io/baseball/teams/20.png"
        },
        "away": {
          "id": 9,
          "name": "Cleveland Guardians",
          "logo": "https://media.api-sports.io/baseball/teams/9.png"
        }
      },
      "scores": {
        "home": {
          "hits": 4,
          "errors": 0,
          "innings": {
            "1": 1,
            "2": 0,
            "3": 0,
            "4": 1,
            "5": 0,
            "6": 0,
            "7": 0,
            "8": 0,
            "9": null,
            "extra": null
          },
          "total": 2
        },
        "away": {
          "hits": 4,
          "errors": 1,
          "innings": {
            "1": 0,
            "2": 0,
            "3": 0,
            "4": 1,
            "5": 0,
            "6": 0,
            "7": 0,
            "8": 0,
            "9": 0,
            "extra": null
          },
          "total": 1
        }
      }
    },
    {
      "id": 155087,
      "date": "2024-08-18T18:10:00+00:00",
      "time": "18:10",
      "timestamp": 1724004600,
      "timezone": "UTC",
      "week": null,
      "status": {
        "long": "Finished",
        "short": "FT"
      },
      "country": {
        "id": 1,
        "name": "USA",
        "code": "US",
        "flag": "https://media.api-sports.io/flags/us.svg"
      },
      "league": {
        "id": 1,
        "name": "MLB",
        "type": "League",
        "logo": "https://media.api-sports.io/baseball/leagues/1.png",
        "season": 2024
      },
      "teams": {
        "home": {
          "id": 20,
          "name": "Milwaukee Brewers",
          "logo": "https://media.api-sports.io/baseball/teams/20.png"
        },
        "away": {
          "id": 9,
          "name": "Cleveland Guardians",
          "logo": "https://media.api-sports.io/baseball/teams/9.png"
        }
      },
      "scores": {
        "home": {
          "hits": 6,
          "errors": 0,
          "innings": {
            "1": 1,
            "2": 1,
            "3": 0,
            "4": 0,
            "5": 0,
            "6": 0,
            "7": 0,
            "8": 0,
            "9": null,
            "extra": null
          },
          "total": 2
        },
        "away": {
          "hits": 2,
          "errors": 0,
          "innings": {
            "1": 0,
            "2": 0,
            "3": 0,
            "4": 0,
            "5": 0,
            "6": 0,
            "7": 0,
            "8": 0,
            "9": 0,
            "extra": null
          },
          "total": 0
        }
      }
    },
    {
      "id": 167671,
      "date": "2025-02-25T20:05:00+00:00",
      "time": "20:05",
      "timestamp": 1740513900,
      "timezone": "UTC",
      "week": null,
      "status": {
        "long": "Finished",
        "short": "FT"
      },
      "country": {
        "id": 1,
        "name": "USA",
        "code": "US",
        "flag": "https://media.api-sports.io/flags/us.svg"
      },
      "league": {
        "id": 71,
        "name": "MLB - Spring Training",
        "type": "League",
        "logo": "https://media.api-sports.io/baseball/leagues/71.png",
        "season": 2025
      },
      "teams": {
        "home": {
          "id": 9,
          "name": "Cleveland Guardians",
          "logo": "https://media.api-sports.io/baseball/teams/9.png"
        },
        "away": {
          "id": 20,
          "name": "Milwaukee Brewers",
          "logo": "https://media.api-sports.io/baseball/teams/20.png"
        }
      },
      "scores": {
        "home": {
          "hits": 5,
          "errors": 1,
          "innings": {
            "1": 2,
            "2": 0,
            "3": 0,
            "4": 0,
            "5": 0,
            "6": 0,
            "7": 0,
            "8": 1,
            "9": 3,
            "extra": null
          },
          "total": 6
        },
        "away": {
          "hits": 11,
          "errors": 0,
          "innings": {
            "1": 3,
            "2": 3,
            "3": 0,
            "4": 1,
            "5": 0,
            "6": 1,
            "7": 1,
            "8": 0,
            "9": 0,
            "extra": null
          },
          "total": 9
        }
      }
    },
    {
      "id": 167750,
      "date": "2025-03-02T20:05:00+00:00",
      "time": "20:05",
      "timestamp": 1740945900,
      "timezone": "UTC",
      "week": null,
      "status": {
        "long": "Finished",
        "short": "FT"
      },
      "country": {
        "id": 1,
        "name": "USA",
        "code": "US",
        "flag": "https://media.api-sports.io/flags/us.svg"
      },
      "league": {
        "id": 71,
        "name": "MLB - Spring Training",
        "type": "League",
        "logo": "https://media.api-sports.io/baseball/leagues/71.png",
        "season": 2025
      },
      "teams": {
        "home": {
          "id": 9,
          "name": "Cleveland Guardians",
          "logo": "https://media.api-sports.io/baseball/teams/9.png"
        },
        "away": {
          "id": 20,
          "name": "Milwaukee Brewers",
          "logo": "https://media.api-sports.io/baseball/teams/20.png"
        }
      },
      "scores": {
        "home": {
          "hits": 15,
          "errors": 1,
          "innings": {
            "1": 4,
            "2": 0,
            "3": 0,
            "4": 0,
            "5": 3,
            "6": 0,
            "7": 1,
            "8": 0,
            "9": 4,
            "extra": null
          },
          "total": 12
        },
        "away": {
          "hits": 13,
          "errors": 2,
          "innings": {
            "1": 0,
            "2": 5,
            "3": 2,
            "4": 0,
            "5": 2,
            "6": 0,
            "7": 0,
            "8": 2,
            "9": 1,
            "extra": null
          },
          "total": 12
        }
      }
    },
    {
      "id": 167960,
      "date": "2025-03-16T20:10:00+00:00",
      "time": "20:10",
      "timestamp": 1742155800,
      "timezone": "UTC",
      "week": null,
      "status": {
        "long": "Finished",
        "short": "FT"
      },
      "country": {
        "id": 1,
        "name": "USA",
        "code": "US",
        "flag": "https://media.api-sports.io/flags/us.svg"
      },
      "league": {
        "id": 71,
        "name": "MLB - Spring Training",
        "type": "League",
        "logo": "https://media.api-sports.io/baseball/leagues/71.png",
        "season": 2025
      },
      "teams": {
        "home": {
          "id": 20,
          "name": "Milwaukee Brewers",
          "logo": "https://media.api-sports.io/baseball/teams/20.png"
        },
        "away": {
          "id": 9,
          "name": "Cleveland Guardians",
          "logo": "https://media.api-sports.io/baseball/teams/9.png"
        }
      },
      "scores": {
        "home": {
          "hits": 11,
          "errors": 0,
          "innings": {
            "1": 0,
            "2": 0,
            "3": 2,
            "4": 3,
            "5": 2,
            "6": 0,
            "7": 0,
            "8": 1,
            "9": null,
            "extra": null
          },
          "total": 8
        },
        "away": {
          "hits": 6,
          "errors": 0,
          "innings": {
            "1": 0,
            "2": 0,
            "3": 0,
            "4": 0,
            "5": 0,
            "6": 0,
            "7": 1,
            "8": 1,
            "9": 0,
            "extra": null
          },
          "total": 2
        }
      }
    },
    {
      "id": 163898,
      "date": "2025-05-12T22:10:00+00:00",
      "time": "22:10",
      "timestamp": 1747087800,
      "timezone": "UTC",
      "week": null,
      "status": {
        "long": "Inning 3",
        "short": "IN3"
      },
      "country": {
        "id": 1,
        "name": "USA",
        "code": "US",
        "flag": "https://media.api-sports.io/flags/us.svg"
      },
      "league": {
        "id": 1,
        "name": "MLB",
        "type": "League",
        "logo": "https://media.api-sports.io/baseball/leagues/1.png",
        "season": 2025
      },
      "teams": {
        "home": {
          "id": 9,
          "name": "Cleveland Guardians",
          "logo": "https://media.api-sports.io/baseball/teams/9.png"
        },
        "away": {
          "id": 20,
          "name": "Milwaukee Brewers",
          "logo": "https://media.api-sports.io/baseball/teams/20.png"
        }
      },
      "scores": {
        "home": {
          "hits": 1,
          "errors": 0,
          "innings": {
            "1": 0,
            "2": 0,
            "3": null,
            "4": null,
            "5": null,
            "6": null,
            "7": null,
            "8": null,
            "9": null,
            "extra": null
          },
          "total": 0
        },
        "away": {
          "hits": 1,
          "errors": 0,
          "innings": {
            "1": 0,
            "2": 0,
            "3": 0,
            "4": null,
            "5": null,
            "6": null,
            "7": null,
            "8": null,
            "9": null,
            "extra": null
          },
          "total": 0
        }
      }
    },
    {
      "id": 163906,
      "date": "2025-05-13T22:10:00+00:00",
      "time": "22:10",
      "timestamp": 1747174200,
      "timezone": "UTC",
      "week": null,
      "status": {
        "long": "Not Started",
        "short": "NS"
      },
      "country": {
        "id": 1,
        "name": "USA",
        "code": "US",
        "flag": "https://media.api-sports.io/flags/us.svg"
      },
      "league": {
        "id": 1,
        "name": "MLB",
        "type": "League",
        "logo": "https://media.api-sports.io/baseball/leagues/1.png",
        "season": 2025
      },
      "teams": {
        "home": {
          "id": 9,
          "name": "Cleveland Guardians",
          "logo": "https://media.api-sports.io/baseball/teams/9.png"
        },
        "away": {
          "id": 20,
          "name": "Milwaukee Brewers",
          "logo": "https://media.api-sports.io/baseball/teams/20.png"
        }
      },
      "scores": {
        "home": {
          "hits": null,
          "errors": null,
          "innings": {
            "1": null,
            "2": null,
            "3": null,
            "4": null,
            "5": null,
            "6": null,
            "7": null,
            "8": null,
            "9": null,
            "extra": null
          },
          "total": null
        },
        "away": {
          "hits": null,
          "errors": null,
          "innings": {
            "1": null,
            "2": null,
            "3": null,
            "4": null,
            "5": null,
            "6": null,
            "7": null,
            "8": null,
            "9": null,
            "extra": null
          },
          "total": null
        }
      }
    },
    {
      "id": 163927,
      "date": "2025-05-14T17:10:00+00:00",
      "time": "17:10",
      "timestamp": 1747242600,
      "timezone": "UTC",
      "week": null,
      "status": {
        "long": "Not Started",
        "short": "NS"
      },
      "country": {
        "id": 1,
        "name": "USA",
        "code": "US",
        "flag": "https://media.api-sports.io/flags/us.svg"
      },
      "league": {
        "id": 1,
        "name": "MLB",
        "type": "League",
        "logo": "https://media.api-sports.io/baseball/leagues/1.png",
        "season": 2025
      },
      "teams": {
        "home": {
          "id": 9,
          "name": "Cleveland Guardians",
          "logo": "https://media.api-sports.io/baseball/teams/9.png"
        },
        "away": {
          "id": 20,
          "name": "Milwaukee Brewers",
          "logo": "https://media.api-sports.io/baseball/teams/20.png"
        }
      },
      "scores": {
        "home": {
          "hits": null,
          "errors": null,
          "innings": {
            "1": null,
            "2": null,
            "3": null,
            "4": null,
            "5": null,
            "6": null,
            "7": null,
            "8": null,
            "9": null,
            "extra": null
          },
          "total": null
        },
        "away": {
          "hits": null,
          "errors": null,
          "innings": {
            "1": null,
            "2": null,
            "3": null,
            "4": null,
            "5": null,
            "6": null,
            "7": null,
            "8": null,
            "9": null,
            "extra": null
          },
          "total": null
        }
      }
    }
  ]
}