{
  "get": "games",
  "parameters": {
    "h2h": "296-844"
  },
  "errors": [],
  "results": 21,
  "response": [
    {
      "id": 143197,
      "date": "2023-04-26T02:00:00+00:00",
      "time": "02:00",
      "timestamp": 1682474400,
      "timezone": "UTC",
      "week": null,
      "status": {
        "long": "Finished",
        "short": "FT"
      },
      "country": {
        "id": 15,
        "name": "Mexico",
        "code": "MX",
        "flag": "https://media.api-sports.io/flags/mx.svg"
      },
      "league": {
        "id": 21,
        "name": "LMB",
        "type": "League",
        "logo": "https://media.api-sports.io/baseball/leagues/21.png",
        "season": 2023
      },
      "teams": {
        "home": {
          "id": 296,
          "name": "Tabasco",
          "logo": "https://media.api-sports.io/baseball/teams/296.png"
        },
        "away": {
          "id": 844,
          "name": "Bravos de Leon",
          "logo": "https://media.api-sports.io/baseball/teams/844.png"
        }
      },
      "scores": {
        "home": {
          "hits": 2,
          "errors": 0,
          "innings": {
            "1": 0,
            "2": 0,
            "3": 0,
            "4": 2,
            "5": 0,
            "6": 0,
            "7": 0,
            "8": 0,
            "9": null,
            "extra": null
          },
          "total": 2
        },
        "away": {
          "hits": 1,
          "errors": 1,
          "innings": {
            "1": 0,
            "2": 0,
            "3": 0,
            "4": 0,
            "5": 0,
            "6": 0,
            "7": 0,
            "8": 0,
            "9": 0,
            "extra": null
          },
          "total": 0
        }
      }
    },
    {
      "id": 143207,
      "date": "2023-04-27T01:30:00+00:00",
      "time": "01:30",
      "timestamp": 1682559000,
      "timezone": "UTC",
      "week": null,
      "status": {
        "long": "Finished",
        "short": "FT"
      },
      "country": {
        "id": 15,
        "name": "Mexico",
        "code": "MX",
        "flag": "https://media.api-sports.io/flags/mx.svg"
      },
      "league": {
        "id": 21,
        "name": "LMB",
        "type": "League",
        "logo": "https://media.api-sports.io/baseball/leagues/21.png",
        "season": 2023
      },
      "teams": {
        "home": {
          "id": 296,
          "name": "Tabasco",
          "logo": "https://media.api-sports.io/baseball/teams/296.png"
        },
        "away": {
          "id": 844,
          "name": "Bravos de Leon",
          "logo": "https://media.api-sports.io/baseball/teams/844.png"
        }
      },
      "scores": {
        "home": {
          "hits": 10,
          "errors": 1,
          "innings": {
            "1": 0,
            "2": 1,
            "3": 0,
            "4": 0,
            "5": 0,
            "6": 2,
            "7": 1,
            "8": 0,
            "9": 0,
            "extra": 1
          },
          "total": 5
        },
        "away": {
          "hits": 6,
          "errors": 2,
          "innings": {
            "1": 0,
            "2": 0,
            "3": 0,
            "4": 1,
            "5": 0,
            "6": 0,
            "7": 1,
            "8": 2,
            "9": 0,
            "extra": 0
          },
          "total": 4
        }
      }
    },
    {
      "id": 143213,
      "date": "2023-04-28T02:00:00+00:00",
      "time": "02:00",
      "timestamp": 1682647200,
      "timezone": "UTC",
      "week": null,
      "status": {
        "long": "Finished",
        "short": "FT"
      },
      "country": {
        "id": 15,
        "name": "Mexico",
        "code": "MX",
        "flag": "https://media.api-sports.io/flags/mx.svg"
      },
      "league": {
        "id": 21,
        "name": "LMB",
        "type": "League",
        "logo": "https://media.api-sports.io/baseball/leagues/21.png",
        "season": 2023
      },
      "teams": {
        "home": {
          "id": 296,
          "name": "Tabasco",
          "logo": "https://media.api-sports.io/baseball/teams/296.png"
        },
        "away": {
          "id": 844,
          "name": "Bravos de Leon",
          "logo": "https://media.api-sports.io/baseball/teams/844.png"
        }
      },
      "scores": {
        "home": {
          "hits": 10,
          "errors": 2,
          "innings": {
            "1": 0,
            "2": 0,
            "3": 0,
            "4": 0,
            "5": 0,
            "6": 2,
            "7": 0,
            "8": 0,
            "9": 0,
            "extra": 0
          },
          "total": 2
        },
        "away": {
          "hits": 6,
          "errors": 1,
          "innings": {
            "1": 0,
            "2": 1,
            "3": 0,
            "4": 0,
            "5": 0,
            "6": 0,
            "7": 1,
            "8": 0,
            "9": 0,
            "extra": 1
          },
          "total": 3
        }
      }
    },
    {
      "id": 143608,
      "date": "2023-06-21T01:30:00+00:00",
      "time": "01:30",
      "timestamp": 1687311000,
      "timezone": "UTC",
      "week": null,
      "status": {
        "long": "Finished",
        "short": "FT"
      },
      "country": {
        "id": 15,
        "name": "Mexico",
        "code": "MX",
        "flag": "https://media.api-sports.io/flags/mx.svg"
      },
      "league": {
        "id": 21,
        "name": "LMB",
        "type": "League",
        "logo": "https://media.api-sports.io/baseball/leagues/21.png",
        "season": 2023
      },
      "teams": {
        "home": {
          "id": 844,
          "name": "Bravos de Leon",
          "logo": "https://media.api-sports.io/baseball/teams/844.png"
        },
        "away": {
          "id": 296,
          "name": "Tabasco",
          "logo": "https://media.api-sports.io/baseball/teams/296.png"
        }
      },
      "scores": {
        "home": {
          "hits": 8,
          "errors": 0,
          "innings": {
            "1": 1,
            "2": 1,
            "3": 0,
            "4": 2,
            "5": 1,
            "6": 0,
            "7": 0,
            "8": 0,
            "9": null,
            "extra": null
          },
          "total": 5
        },
        "away": {
          "hits": 11,
          "errors": 4,
          "innings": {
            "1": 1,
            "2": 0,
            "3": 1,
            "4": 0,
            "5": 0,
            "6": 0,
            "7": 2,
            "8": 0,
            "9": 0,
            "extra": null
          },
          "total": 4
        }
      }
    },
    {
      "id": 143617,
      "date": "2023-06-22T01:30:00+00:00",
      "time": "01:30",
      "timestamp": 1687397400,
      "timezone": "UTC",
      "week": null,
      "status": {
        "long": "Finished",
        "short": "FT"
      },
      "country": {
        "id": 15,
        "name": "Mexico",
        "code": "MX",
        "flag": "https://media.api-sports.io/flags/mx.svg"
      },
      "league": {
        "id": 21,
        "name": "LMB",
        "type": "League",
        "logo": "https://media.api-sports.io/baseball/leagues/21.png",
        "season": 2023
      },
      "teams": {
        "home": {
          "id": 844,
          "name": "Bravos de Leon",
          "logo": "https://media.api-sports.io/baseball/teams/844.png"
        },
        "away": {
          "id": 296,
          "name": "Tabasco",
          "logo": "https://media.api-sports.io/baseball/teams/296.png"
        }
      },
      "scores": {
        "home": {
          "hits": 6,
          "errors": 0,
          "innings": {
            "1": 2,
            "2": 0,
            "3": 0,
            "4": 0,
            "5": 0,
            "6": 0,
            "7": 1,
            "8": 2,
            "9": null,
            "extra": null
          },
          "total": 5
        },
        "away": {
          "hits": 3,
          "errors": 1,
          "innings": {
            "1": 0,
            "2": 0,
            "3": 2,
            "4": 0,
            "5": 0,
            "6": 0,
            "7": 0,
            "8": 0,
            "9": 0,
            "extra": null
          },
          "total": 2
        }
      }
    },
    {
      "id": 143620,
      "date": "2023-06-23T01:30:00+00:00",
      "time": "01:30",
      "timestamp": 1687483800,
      "timezone": "UTC",
      "week": null,
      "status": {
        "long": "Finished",
        "short": "FT"
      },
      "country": {
        "id": 15,
        "name": "Mexico",
        "code": "MX",
        "flag": "https://media.api-sports.io/flags/mx.svg"
      },
      "league": {
        "id": 21,
        "name": "LMB",
        "type": "League",
        "logo": "https://media.api-sports.io/baseball/leagues/21.png",
        "season": 2023
      },
      "teams": {
        "home": {
          "id": 844,
          "name": "Bravos de Leon",
          "logo": "https://media.api-sports.io/baseball/teams/844.png"
        },
        "away": {
          "id": 296,
          "name": "Tabasco",
          "logo": "https://media.api-sports.io/baseball/teams/296.png"
        }
      },
      "scores": {
        "home": {
          "hits": 9,
          "errors": 0,
          "innings": {
            "1": 0,
            "2": 0,
            "3": 0,
            "4": 0,
            "5": 1,
            "6": 0,
            "7": 3,
            "8": 0,
            "9": null,
            "extra": null
          },
          "total": 4
        },
        "away": {
          "hits": 6,
          "errors": 1,
          "innings": {
            "1": 0,
            "2": 0,
            "3": 0,
            "4": 0,
            "5": 0,
            "6": 0,
            "7": 0,
            "8": 0,
            "9": 0,
            "extra": null
          },
          "total": 0
        }
      }
    },
    {
      "id": 159052,
      "date": "2024-05-04T01:30:00+00:00",
      "time": "01:30",
      "timestamp": 1714786200,
      "timezone": "UTC",
      "week": null,
      "status": {
        "long": "Finished",
        "short": "FT"
      },
      "country": {
        "id": 15,
        "name": "Mexico",
        "code": "MX",
        "flag": "https://media.api-sports.io/flags/mx.svg"
      },
      "league": {
        "id": 21,
        "name": "LMB",
        "type": "League",
        "logo": "https://media.api-sports.io/baseball/leagues/21.png",
        "season": 2024
      },
      "teams": {
        "home": {
          "id": 844,
          "name": "Bravos de Leon",
          "logo": "https://media.api-sports.io/baseball/teams/844.png"
        },
        "away": {
          "id": 296,
          "name": "Tabasco",
          "logo": "https://media.api-sports.io/baseball/teams/296.png"
        }
      },
      "scores": {
        "home": {
          "hits": 13,
          "errors": 2,
          "innings": {
            "1": 0,
            "2": 0,
            "3": 0,
            "4": 1,
            "5": 1,
            "6": 2,
            "7": 0,
            "8": 0,
            "9": 0,
            "extra": null
          },
          "total": 4
        },
        "away": {
          "hits": 23,
          "errors": 0,
          "innings": {
            "1": 2,
            "2": 3,
            "3": 0,
            "4": 0,
            "5": 4,
            "6": 0,
            "7": 3,
            "8": 0,
            "9": 10,
            "extra": null
          },
          "total": 22
        }
      }
    },
    {
      "id": 159065,
      "date": "2024-05-05T00:00:00+00:00",
      "time": "00:00",
      "timestamp": 1714867200,
      "timezone": "UTC",
      "week": null,
      "status": {
        "long": "Finished",
        "short": "FT"
      },
      "country": {
        "id": 15,
        "name": "Mexico",
        "code": "MX",
        "flag": "https://media.api-sports.io/flags/mx.svg"
      },
      "league": {
        "id": 21,
        "name": "LMB",
        "type": "League",
        "logo": "https://media.api-sports.io/baseball/leagues/21.png",
        "season": 2024
      },
      "teams": {
        "home": {
          "id": 844,
          "name": "Bravos de Leon",
          "logo": "https://media.api-sports.io/baseball/teams/844.png"
        },
        "away": {
          "id": 296,
          "name": "Tabasco",
          "logo": "https://media.api-sports.io/baseball/teams/296.png"
        }
      },
      "scores": {
        "home": {
          "hits": 9,
          "errors": 0,
          "innings": {
            "1": 0,
            "2": 0,
            "3": 0,
            "4": 0,
            "5": 3,
            "6": 0,
            "7": 0,
            "8": 0,
            "9": 0,
            "extra": null
          },
          "total": 3
        },
        "away": {
          "hits": 9,
          "errors": 0,
          "innings": {
            "1": 1,
            "2": 0,
            "3": 0,
            "4": 0,
            "5": 0,
            "6": 0,
            "7": 1,
            "8": 2,
            "9": 1,
            "extra": null
          },
          "total": 5
        }
      }
    },
    {
      "id": 159073,
      "date": "2024-05-06T00:00:00+00:00",
      "time": "00:00",
      "timestamp": 1714953600,
      "timezone": "UTC",
      "week": null,
      "status": {
        "long": "Finished",
        "short": "FT"
      },
      "country": {
        "id": 15,
        "name": "Mexico",
        "code": "MX",
        "flag": "https://media.api-sports.io/flags/mx.svg"
      },
      "league": {
        "id": 21,
        "name": "LMB",
        "type": "League",
        "logo": "https://media.api-sports.io/baseball/leagues/21.png",
        "season": 2024
      },
      "teams": {
        "home": {
          "id": 844,
          "name": "Bravos de Leon",
          "logo": "https://media.api-sports.io/baseball/teams/844.png"
        },
        "away": {
          "id": 296,
          "name": "Tabasco",
          "logo": "https://media.api-sports.io/baseball/teams/296.png"
        }
      },
      "scores": {
        "home": {
          "hits": 12,
          "errors": 0,
          "innings": {
            "1": 0,
            "2": 7,
            "3": 1,
            "4": 1,
            "5": 0,
            "6": 0,
            "7": 0,
            "8": 0,
            "9": null,
            "extra": null
          },
          "total": 9
        },
        "away": {
          "hits": 8,
          "errors": 2,
          "innings": {
            "1": 1,
            "2": 1,
            "3": 0,
            "4": 0,
            "5": 0,
            "6": 0,
            "7": 0,
            "8": 0,
            "9": 0,
            "extra": null
          },
          "total": 2
        }
      }
    },
    {
      "id": 159447,
      "date": "2024-06-22T02:00:00+00:00",
      "time": "02:00",
      "timestamp": 1719021600,
      "timezone": "UTC",
      "week": null,
      "status": {
        "long": "Finished",
        "short": "FT"
      },
      "country": {
        "id": 15,
        "name": "Mexico",
        "code": "MX",
        "flag": "https://media.api-sports.io/flags/mx.svg"
      },
      "league": {
        "id": 21,
        "name": "LMB",
        "type": "League",
        "logo": "https://media.api-sports.io/baseball/leagues/21.png",
        "season": 2024
      },
      "teams": {
        "home": {
          "id": 296,
          "name": "Tabasco",
          "logo": "https://media.api-sports.io/baseball/teams/296.png"
        },
        "away": {
          "id": 844,
          "name": "Bravos de Leon",
          "logo": "https://media.api-sports.io/baseball/teams/844.png"
        }
      },
      "scores": {
        "home": {
          "hits": 10,
          "errors": 1,
          "innings": {
            "1": 1,
            "2": 2,
            "3": 0,
            "4": 0,
            "5": 1,
            "6": 0,
            "7": 0,
            "8": 0,
            "9": 1,
            "extra": null
          },
          "total": 5
        },
        "away": {
          "hits": 6,
          "errors": 0,
          "innings": {
            "1": 0,
            "2": 0,
            "3": 0,
            "4": 0,
            "5": 2,
            "6": 0,
            "7": 4,
            "8": 0,
            "9": 0,
            "extra": null
          },
          "total": 6
        }
      }
    },
    {
      "id": 159457,
      "date": "2024-06-23T01:00:00+00:00",
      "time": "01:00",
      "timestamp": 1719104400,
      "timezone": "UTC",
      "week": null,
      "status": {
        "long": "Finished",
        "short": "FT"
      },
      "country": {
        "id": 15,
        "name": "Mexico",
        "code": "MX",
        "flag": "https://media.api-sports.io/flags/mx.svg"
      },
      "league": {
        "id": 21,
        "name": "LMB",
        "type": "League",
        "logo": "https://media.api-sports.io/baseball/leagues/21.png",
        "season": 2024
      },
      "teams": {
        "home": {
          "id": 296,
          "name": "Tabasco",
          "logo": "https://media.api-sports.io/baseball/teams/296.png"
        },
        "away": {
          "id": 844,
          "name": "Bravos de Leon",
          "logo": "https://media.api-sports.io/baseball/teams/844.png"
        }
      },
      "scores": {
        "home": {
          "hits": 5,
          "errors": 0,
          "innings": {
            "1": 0,
            "2": 0,
            "3": 0,
            "4": 1,
            "5": 0,
            "6": 0,
            "7": 0,
            "8": 0,
            "9": null,
            "extra": null
          },
          "total": 1
        },
        "away": {
          "hits": 1,
          "errors": 1,
          "innings": {
            "1": 0,
            "2": 0,
            "3": 0,
            "4": 0,
            "5": 0,
            "6": 0,
            "7": 0,
            "8": 0,
            "9": 0,
            "extra": null
          },
          "total": 0
        }
      }
    },
    {
      "id": 159468,
      "date": "2024-06-24T00:00:00+00:00",
      "time": "00:00",
      "timestamp": 1719187200,
      "timezone": "UTC",
      "week": null,
      "status": {
        "long": "Finished",
        "short": "FT"
      },
      "country": {
        "id": 15,
        "name": "Mexico",
        "code": "MX",
        "flag": "https://media.api-sports.io/flags/mx.svg"
      },
      "league": {
        "id": 21,
        "name": "LMB",
        "type": "League",
        "logo": "https://media.api-sports.io/baseball/leagues/21.png",
        "season": 2024
      },
      "teams": {
        "home": {
          "id": 296,
          "name": "Tabasco",
          "logo": "https://media.api-sports.io/baseball/teams/296.png"
        },
        "away": {
          "id": 844,
          "name": "Bravos de Leon",
          "logo": "https://media.api-sports.io/baseball/teams/844.png"
        }
      },
      "scores": {
        "home": {
          "hits": 9,
          "errors": 0,
          "innings": {
            "1": 0,
            "2": 2,
            "3": 2,
            "4": 1,
            "5": 0,
            "6": 0,
            "7": 1,
            "8": 1,
            "9": null,
            "extra": null
          },
          "total": 7
        },
        "away": {
          "hits": 7,
          "errors": 0,
          "innings": {
            "1": 2,
            "2": 0,
            "3": 0,
            "4": 0,
            "5": 0,
            "6": 0,
            "7": 0,
            "8": 0,
            "9": 0,
            "extra": null
          },
          "total": 2
        }
      }
    },
    {
      "id": 169158,
      "date": "2025-05-10T01:30:00+00:00",
      "time": "01:30",
      "timestamp": 1746840600,
      "timezone": "UTC",
      "week": null,
      "status": {
        "long": "Finished",
        "short": "FT"
      },
      "country": {
        "id": 15,
        "name": "Mexico",
        "code": "MX",
        "flag": "https://media.api-sports.io/flags/mx.svg"
      },
      "league": {
        "id": 21,
        "name": "LMB",
        "type": "League",
        "logo": "https://media.api-sports.io/baseball/leagues/21.png",
        "season": 2025
      },
      "teams": {
        "home": {
          "id": 296,
          "name": "Tabasco",
          "logo": "https://media.api-sports.io/baseball/teams/296.png"
        },
        "away": {
          "id": 844,
          "name": "Bravos de Leon",
          "logo": "https://media.api-sports.io/baseball/teams/844.png"
        }
      },
      "scores": {
        "home": {
          "hits": 8,
          "errors": 1,
          "innings": {
            "1": 0,
            "2": 0,
            "3": 0,
            "4": 0,
            "5": 1,
            "6": 2,
            "7": 0,
            "8": 0,
            "9": 0,
            "extra": null
          },
          "total": 3
        },
        "away": {
          "hits": 7,
          "errors": 2,
          "innings": {
            "1": 0,
            "2": 0,
            "3": 0,
            "4": 0,
            "5": 2,
            "6": 0,
            "7": 2,
            "8": 2,
            "9": 0,
            "extra": null
          },
          "total": 6
        }
      }
    },
    {
      "id": 169168,
      "date": "2025-05-11T01:00:00+00:00",
      "time": "01:00",
      "timestamp": 1746925200,
      "timezone": "UTC",
      "week": null,
      "status": {
        "long": "Finished",
        "short": "FT"
      },
      "country": {
        "id": 15,
        "name": "Mexico",
        "code": "MX",
        "flag": "https://media.api-sports.io/flags/mx.svg"
      },
      "league": {
        "id": 21,
        "name": "LMB",
        "type": "League",
        "logo": "https://media.api-sports.io/baseball/leagues/21.png",
        "season": 2025
      },
      "teams": {
        "home": {
          "id": 296,
          "name": "Tabasco",
          "logo": "https://media.api-sports.io/baseball/teams/296.png"
        },
        "away": {
          "id": 844,
          "name": "Bravos de Leon",
          "logo": "https://media.api-sports.io/baseball/teams/844.png"
        }
      },
      "scores": {
        "home": {
          "hits": 7,
          "errors": 0,
          "innings": {
            "1": 0,
            "2": 0,
            "3": 0,
            "4": 0,
            "5": 4,
            "6": 2,
            "7": 0,
            "8": 0,
            "9": null,
            "extra": null
          },
          "total": 6
        },
        "away": {
          "hits": 8,
          "errors": 2,
          "innings": {
            "1": 0,
            "2": 1,
            "3": 0,
            "4": 0,
            "5": 0,
            "6": 1,
            "7": 0,
            "8": 0,
            "9": 0,
            "extra": null
          },
          "total": 2
        }
      }
    },
    {
      "id": 169184,
      "date": "2025-05-12T00:00:00+00:00",
      "time": "00:00",
      "timestamp": 1747008000,
      "timezone": "UTC",
      "week": null,
      "status": {
        "long": "Finished",
        "short": "FT"
      },
      "country": {
        "id": 15,
        "name": "Mexico",
        "code": "MX",
        "flag": "https://media.api-sports.io/flags/mx.svg"
      },
      "league": {
        "id": 21,
        "name": "LMB",
        "type": "League",
        "logo": "https://media.api-sports.io/baseball/leagues/21.png",
        "season": 2025
      },
      "teams": {
        "home": {
          "id": 296,
          "name": "Tabasco",
          "logo": "https://media.api-sports.io/baseball/teams/296.png"
        },
        "away": {
          "id": 844,
          "name": "Bravos de Leon",
          "logo": "https://media.api-sports.io/baseball/teams/844.png"
        }
      },
      "scores": {
        "home": {
          "hits": 13,
          "errors": 1,
          "innings": {
            "1": 5,
            "2": 1,
            "3": 0,
            "4": 0,
            "5": 0,
            "6": 0,
            "7": 0,
            "8": 0,
            "9": 0,
            "extra": 0
          },
          "total": 6
        },
        "away": {
          "hits": 12,
          "errors": 0,
          "innings": {
            "1": 2,
            "2": 3,
            "3": 0,
            "4": 0,
            "5": 1,
            "6": 0,
            "7": 0,
            "8": 0,
            "9": 0,
            "extra": 1
          },
          "total": 7
        }
      }
    },
    {
      "id": 169557,
      "date": "2025-06-25T01:30:00+00:00",
      "time": "01:30",
      "timestamp": 1750815000,
      "timezone": "UTC",
      "week": null,
      "status": {
        "long": "Not Started",
        "short": "NS"
      },
      "country": {
        "id": 15,
        "name": "Mexico",
        "code": "MX",
        "flag": "https://media.api-sports.io/flags/mx.svg"
      },
      "league": {
        "id": 21,
        "name": "LMB",
        "type": "League",
        "logo": "https://media.api-sports.io/baseball/leagues/21.png",
        "season": 2025
      },
      "teams": {
        "home": {
          "id": 844,
          "name": "Bravos de Leon",
          "logo": "https://media.api-sports.io/baseball/teams/844.png"
        },
        "away": {
          "id": 296,
          "name": "Tabasco",
          "logo": "https://media.api-sports.io/baseball/teams/296.png"
        }
      },
      "scores": {
        "home": {
          "hits": null,
          "errors": null,
          "innings": {
            "1": null,
            "2": null,
            "3": null,
            "4": null,
            "5": null,
            "6": null,
            "7": null,
            "8": null,
            "9": null,
            "extra": null
          },
          "total": null
        },
        "away": {
          "hits": null,
          "errors": null,
          "innings": {
            "1": null,
            "2": null,
            "3": null,
            "4": null,
            "5": null,
            "6": null,
            "7": null,
            "8": null,
            "9": null,
            "extra": null
          },
          "total": null
        }
      }
    },
    {
      "id": 169567,
      "date": "2025-06-26T01:30:00+00:00",
      "time": "01:30",
      "timestamp": 1750901400,
      "timezone": "UTC",
      "week": null,
      "status": {
        "long": "Not Started",
        "short": "NS"
      },
      "country": {
        "id": 15,
        "name": "Mexico",
        "code": "MX",
        "flag": "https://media.api-sports.io/flags/mx.svg"
      },
      "league": {
        "id": 21,
        "name": "LMB",
        "type": "League",
        "logo": "https://media.api-sports.io/baseball/leagues/21.png",
        "season": 2025
      },
      "teams": {
        "home": {
          "id": 844,
          "name": "Bravos de Leon",
          "logo": "https://media.api-sports.io/baseball/teams/844.png"
        },
        "away": {
          "id": 296,
          "name": "Tabasco",
          "logo": "https://media.api-sports.io/baseball/teams/296.png"
        }
      },
      "scores": {
        "home": {
          "hits": null,
          "errors": null,
          "innings": {
            "1": null,
            "2": null,
            "3": null,
            "4": null,
            "5": null,
            "6": null,
            "7": null,
            "8": null,
            "9": null,
            "extra": null
          },
          "total": null
        },
        "away": {
          "hits": null,
          "errors": null,
          "innings": {
            "1": null,
            "2": null,
            "3": null,
            "4": null,
            "5": null,
            "6": null,
            "7": null,
            "8": null,
            "9": null,
            "extra": null
          },
          "total": null
        }
      }
    },
    {
      "id": 169568,
      "date": "2025-06-27T01:30:00+00:00",
      "time": "01:30",
      "timestamp": 1750987800,
      "timezone": "UTC",
      "week": null,
      "status": {
        "long": "Not Started",
        "short": "NS"
      },
      "country": {
        "id": 15,
        "name": "Mexico",
        "code": "MX",
        "flag": "https://media.api-sports.io/flags/mx.svg"
      },
      "league": {
        "id": 21,
        "name": "LMB",
        "type": "League",
        "logo": "https://media.api-sports.io/baseball/leagues/21.png",
        "season": 2025
      },
      "teams": {
        "home": {
          "id": 844,
          "name": "Bravos de Leon",
          "logo": "https://media.api-sports.io/baseball/teams/844.png"
        },
        "away": {
          "id": 296,
          "name": "Tabasco",
          "logo": "https://media.api-sports.io/baseball/teams/296.png"
        }
      },
      "scores": {
        "home": {
          "hits": null,
          "errors": null,
          "innings": {
            "1": null,
            "2": null,
            "3": null,
            "4": null,
            "5": null,
            "6": null,
            "7": null,
            "8": null,
            "9": null,
            "extra": null
          },
          "total": null
        },
        "away": {
          "hits": null,
          "errors": null,
          "innings": {
            "1": null,
            "2": null,
            "3": null,
            "4": null,
            "5": null,
            "6": null,
            "7": null,
            "8": null,
            "9": null,
            "extra": null
          },
          "total": null
        }
      }
    },
    {
      "id": 169819,
      "date": "2025-07-30T01:30:00+00:00",
      "time": "01:30",
      "timestamp": 1753839000,
      "timezone": "UTC",
      "week": null,
      "status": {
        "long": "Not Started",
        "short": "NS"
      },
      "country": {
        "id": 15,
        "name": "Mexico",
        "code": "MX",
        "flag": "https://media.api-sports.io/flags/mx.svg"
      },
      "league": {
        "id": 21,
        "name": "LMB",
        "type": "League",
        "logo": "https://media.api-sports.io/baseball/leagues/21.png",
        "season": 2025
      },
      "teams": {
        "home": {
          "id": 296,
          "name": "Tabasco",
          "logo": "https://media.api-sports.io/baseball/teams/296.png"
        },
        "away": {
          "id": 844,
          "name": "Bravos de Leon",
          "logo": "https://media.api-sports.io/baseball/teams/844.png"
        }
      },
      "scores": {
        "home": {
          "hits": null,
          "errors": null,
          "innings": {
            "1": null,
            "2": null,
            "3": null,
            "4": null,
            "5": null,
            "6": null,
            "7": null,
            "8": null,
            "9": null,
            "extra": null
          },
          "total": null
        },
        "away": {
          "hits": null,
          "errors": null,
          "innings": {
            "1": null,
            "2": null,
            "3": null,
            "4": null,
            "5": null,
            "6": null,
            "7": null,
            "8": null,
            "9": null,
            "extra": null
          },
          "total": null
        }
      }
    },
    {
      "id": 169829,
      "date": "2025-07-31T01:30:00+00:00",
      "time": "01:30",
      "timestamp": 1753925400,
      "timezone": "UTC",
      "week": null,
      "status": {
        "long": "Not Started",
        "short": "NS"
      },
      "country": {
        "id": 15,
        "name": "Mexico",
        "code": "MX",
        "flag": "https://media.api-sports.io/flags/mx.svg"
      },
      "league": {
        "id": 21,
        "name": "LMB",
        "type": "League",
        "logo": "https://media.api-sports.io/baseball/leagues/21.png",
        "season": 2025
      },
      "teams": {
        "home": {
          "id": 296,
          "name": "Tabasco",
          "logo": "https://media.api-sports.io/baseball/teams/296.png"
        },
        "away": {
          "id": 844,
          "name": "Bravos de Leon",
          "logo": "https://media.api-sports.io/baseball/teams/844.png"
        }
      },
      "scores": {
        "home": {
          "hits": null,
          "errors": null,
          "innings": {
            "1": null,
            "2": null,
            "3": null,
            "4": null,
            "5": null,
            "6": null,
            "7": null,
            "8": null,
            "9": null,
            "extra": null
          },
          "total": null
        },
        "away": {
          "hits": null,
          "errors": null,
          "innings": {
            "1": null,
            "2": null,
            "3": null,
            "4": null,
            "5": null,
            "6": null,
            "7": null,
            "8": null,
            "9": null,
            "extra": null
          },
          "total": null
        }
      }
    },
    {
      "id": 169839,
      "date": "2025-08-01T01:30:00+00:00",
      "time": "01:30",
      "timestamp": 1754011800,
      "timezone": "UTC",
      "week": null,
      "status": {
        "long": "Not Started",
        "short": "NS"
      },
      "country": {
        "id": 15,
        "name": "Mexico",
        "code": "MX",
        "flag": "https://media.api-sports.io/flags/mx.svg"
      },
      "league": {
        "id": 21,
        "name": "LMB",
        "type": "League",
        "logo": "https://media.api-sports.io/baseball/leagues/21.png",
        "season": 2025
      },
      "teams": {
        "home": {
          "id": 296,
          "name": "Tabasco",
          "logo": "https://media.api-sports.io/baseball/teams/296.png"
        },
        "away": {
          "id": 844,
          "name": "Bravos de Leon",
          "logo": "https://media.api-sports.io/baseball/teams/844.png"
        }
      },
      "scores": {
        "home": {
          "hits": null,
          "errors": null,
          "innings": {
            "1": null,
            "2": null,
            "3": null,
            "4": null,
            "5": null,
            "6": null,
            "7": null,
            "8": null,
            "9": null,
            "extra": null
          },
          "total": null
        },
        "away": {
          "hits": null,
          "errors": null,
          "innings": {
            "1": null,
            "2": null,
            "3": null,
            "4": null,
            "5": null,
            "6": null,
            "7": null,
            "8": null,
            "9": null,
            "extra": null
          },
          "total": null
        }
      }
    }
  ]
}