{
  "get": "games",
  "parameters": {
    "date": "2025-05-12"
  },
  "errors": [],
  "results": 11,
  "response": [
    {
      "id": 169176,
      "date": "2025-05-12T00:00:00+00:00",
      "time": "00:00",
      "timestamp": 1747008000,
      "timezone": "UTC",
      "week": null,
      "status": {
        "long": "Finished",
        "short": "FT"
      },
      "country": {
        "id": 15,
        "name": "Mexico",
        "code": "MX",
        "flag": "https://media.api-sports.io/flags/mx.svg"
      },
      "league": {
        "id": 21,
        "name": "LMB",
        "type": "League",
        "logo": "https://media.api-sports.io/baseball/leagues/21.png",
        "season": 2025
      },
      "teams": {
        "home": {
          "id": 281,
          "name": "Aguascalientes",
          "logo": "https://media.api-sports.io/baseball/teams/281.png"
        },
        "away": {
          "id": 294,
          "name": "Saltillo",
          "logo": "https://media.api-sports.io/baseball/teams/294.png"
        }
      },
      "scores": {
        "home": {
          "hits": 13,
          "errors": 2,
          "innings": {
            "1": 0,
            "2": 3,
            "3": 0,
            "4": 5,
            "5": 0,
            "6": 0,
            "7": 1,
            "8": 0,
            "9": 1,
            "extra": null
          },
          "total": 10
        },
        "away": {
          "hits": 12,
          "errors": 2,
          "innings": {
            "1": 1,
            "2": 0,
            "3": 0,
            "4": 2,
            "5": 0,
            "6": 0,
            "7": 6,
            "8": 0,
            "9": 0,
            "extra": null
          },
          "total": 9
        }
      }
    },
    {
      "id": 169184,
      "date": "2025-05-12T00:00:00+00:00",
      "time": "00:00",
      "timestamp": 1747008000,
      "timezone": "UTC",
      "week": null,
      "status": {
        "long": "Finished",
        "short": "FT"
      },
      "country": {
        "id": 15,
        "name": "Mexico",
        "code": "MX",
        "flag": "https://media.api-sports.io/flags/mx.svg"
      },
      "league": {
        "id": 21,
        "name": "LMB",
        "type": "League",
        "logo": "https://media.api-sports.io/baseball/leagues/21.png",
        "season": 2025
      },
      "teams": {
        "home": {
          "id": 296,
          "name": "Tabasco",
          "logo": "https://media.api-sports.io/baseball/teams/296.png"
        },
        "away": {
          "id": 844,
          "name": "Bravos de Leon",
          "logo": "https://media.api-sports.io/baseball/teams/844.png"
        }
      },
      "scores": {
        "home": {
          "hits": 13,
          "errors": 1,
          "innings": {
            "1": 5,
            "2": 1,
            "3": 0,
            "4": 0,
            "5": 0,
            "6": 0,
            "7": 0,
            "8": 0,
            "9": 0,
            "extra": 0
          },
          "total": 6
        },
        "away": {
          "hits": 12,
          "errors": 0,
          "innings": {
            "1": 2,
            "2": 3,
            "3": 0,
            "4": 0,
            "5": 1,
            "6": 0,
            "7": 0,
            "8": 0,
            "9": 0,
            "extra": 1
          },
          "total": 7
        }
      }
    },
    {
      "id": 169185,
      "date": "2025-05-12T00:00:00+00:00",
      "time": "00:00",
      "timestamp": 1747008000,
      "timezone": "UTC",
      "week": null,
      "status": {
        "long": "Finished",
        "short": "FT"
      },
      "country": {
        "id": 15,
        "name": "Mexico",
        "code": "MX",
        "flag": "https://media.api-sports.io/flags/mx.svg"
      },
      "league": {
        "id": 21,
        "name": "LMB",
        "type": "League",
        "logo": "https://media.api-sports.io/baseball/leagues/21.png",
        "season": 2025
      },
      "teams": {
        "home": {
          "id": 298,
          "name": "Yucatan",
          "logo": "https://media.api-sports.io/baseball/teams/298.png"
        },
        "away": {
          "id": 457,
          "name": "Veracruz",
          "logo": "https://media.api-sports.io/baseball/teams/457.png"
        }
      },
      "scores": {
        "home": {
          "hits": 6,
          "errors": 0,
          "innings": {
            "1": 1,
            "2": 0,
            "3": 0,
            "4": 0,
            "5": 0,
            "6": 0,
            "7": 0,
            "8": 0,
            "9": 1,
            "extra": null
          },
          "total": 2
        },
        "away": {
          "hits": 12,
          "errors": 0,
          "innings": {
            "1": 0,
            "2": 0,
            "3": 6,
            "4": 0,
            "5": 0,
            "6": 0,
            "7": 2,
            "8": 0,
            "9": 0,
            "extra": null
          },
          "total": 8
        }
      }
    },
    {
      "id": 169180,
      "date": "2025-05-12T00:30:00+00:00",
      "time": "00:30",
      "timestamp": 1747009800,
      "timezone": "UTC",
      "week": null,
      "status": {
        "long": "Finished",
        "short": "FT"
      },
      "country": {
        "id": 15,
        "name": "Mexico",
        "code": "MX",
        "flag": "https://media.api-sports.io/flags/mx.svg"
      },
      "league": {
        "id": 21,
        "name": "LMB",
        "type": "League",
        "logo": "https://media.api-sports.io/baseball/leagues/21.png",
        "season": 2025
      },
      "teams": {
        "home": {
          "id": 285,
          "name": "Laguna",
          "logo": "https://media.api-sports.io/baseball/teams/285.png"
        },
        "away": {
          "id": 297,
          "name": "Toros de Tijuana",
          "logo": "https://media.api-sports.io/baseball/teams/297.png"
        }
      },
      "scores": {
        "home": {
          "hits": 4,
          "errors": 1,
          "innings": {
            "1": 0,
            "2": 0,
            "3": 0,
            "4": 0,
            "5": 0,
            "6": 2,
            "7": 0,
            "8": 0,
            "9": 0,
            "extra": null
          },
          "total": 2
        },
        "away": {
          "hits": 12,
          "errors": 0,
          "innings": {
            "1": 0,
            "2": 0,
            "3": 0,
            "4": 1,
            "5": 1,
            "6": 1,
            "7": 4,
            "8": 3,
            "9": 0,
            "extra": null
          },
          "total": 10
        }
      }
    },
    {
      "id": 169992,
      "date": "2025-05-12T18:00:00+00:00",
      "time": "18:00",
      "timestamp": 1747072800,
      "timezone": "UTC",
      "week": null,
      "status": {
        "long": "Finished",
        "short": "FT"
      },
      "country": {
        "id": 7,
        "name": "Cuba",
        "code": "CU",
        "flag": "https://media.api-sports.io/flags/cu.svg"
      },
      "league": {
        "id": 63,
        "name": "Liga Elite",
        "type": "League",
        "logo": "https://media.api-sports.io/baseball/leagues/63.png",
        "season": 2025
      },
      "teams": {
        "home": {
          "id": 135,
          "name": "Santiago de Cuba",
          "logo": "https://media.api-sports.io/baseball/teams/135.png"
        },
        "away": {
          "id": 130,
          "name": "Las Tunas",
          "logo": "https://media.api-sports.io/baseball/teams/130.png"
        }
      },
      "scores": {
        "home": {
          "hits": null,
          "errors": null,
          "innings": {
            "1": 0,
            "2": 1,
            "3": 3,
            "4": 1,
            "5": 0,
            "6": 7,
            "7": 0,
            "8": null,
            "9": null,
            "extra": null
          },
          "total": 12
        },
        "away": {
          "hits": null,
          "errors": null,
          "innings": {
            "1": 0,
            "2": 1,
            "3": 1,
            "4": 0,
            "5": 0,
            "6": 0,
            "7": 0,
            "8": null,
            "9": null,
            "extra": null
          },
          "total": 2
        }
      }
    },
    {
      "id": 163898,
      "date": "2025-05-12T22:10:00+00:00",
      "time": "22:10",
      "timestamp": 1747087800,
      "timezone": "UTC",
      "week": null,
      "status": {
        "long": "Inning 1",
        "short": "IN1"
      },
      "country": {
        "id": 1,
        "name": "USA",
        "code": "US",
        "flag": "https://media.api-sports.io/flags/us.svg"
      },
      "league": {
        "id": 1,
        "name": "MLB",
        "type": "League",
        "logo": "https://media.api-sports.io/baseball/leagues/1.png",
        "season": 2025
      },
      "teams": {
        "home": {
          "id": 9,
          "name": "Cleveland Guardians",
          "logo": "https://media.api-sports.io/baseball/teams/9.png"
        },
        "away": {
          "id": 20,
          "name": "Milwaukee Brewers",
          "logo": "https://media.api-sports.io/baseball/teams/20.png"
        }
      },
      "scores": {
        "home": {
          "hits": 0,
          "errors": 0,
          "innings": {
            "1": null,
            "2": null,
            "3": null,
            "4": null,
            "5": null,
            "6": null,
            "7": null,
            "8": null,
            "9": null,
            "extra": null
          },
          "total": 0
        },
        "away": {
          "hits": 0,
          "errors": 0,
          "innings": {
            "1": 0,
            "2": null,
            "3": null,
            "4": null,
            "5": null,
            "6": null,
            "7": null,
            "8": null,
            "9": null,
            "extra": null
          },
          "total": 0
        }
      }
    },
    {
      "id": 163897,
      "date": "2025-05-12T22:40:00+00:00",
      "time": "22:40",
      "timestamp": 1747089600,
      "timezone": "UTC",
      "week": null,
      "status": {
        "long": "Not Started",
        "short": "NS"
      },
      "country": {
        "id": 1,
        "name": "USA",
        "code": "US",
        "flag": "https://media.api-sports.io/flags/us.svg"
      },
      "league": {
        "id": 1,
        "name": "MLB",
        "type": "League",
        "logo": "https://media.api-sports.io/baseball/leagues/1.png",
        "season": 2025
      },
      "teams": {
        "home": {
          "id": 12,
          "name": "Detroit Tigers",
          "logo": "https://media.api-sports.io/baseball/teams/12.png"
        },
        "away": {
          "id": 5,
          "name": "Boston Red Sox",
          "logo": "https://media.api-sports.io/baseball/teams/5.png"
        }
      },
      "scores": {
        "home": {
          "hits": null,
          "errors": null,
          "innings": {
            "1": null,
            "2": null,
            "3": null,
            "4": null,
            "5": null,
            "6": null,
            "7": null,
            "8": null,
            "9": null,
            "extra": null
          },
          "total": null
        },
        "away": {
          "hits": null,
          "errors": null,
          "innings": {
            "1": null,
            "2": null,
            "3": null,
            "4": null,
            "5": null,
            "6": null,
            "7": null,
            "8": null,
            "9": null,
            "extra": null
          },
          "total": null
        }
      }
    },
    {
      "id": 163900,
      "date": "2025-05-12T22:45:00+00:00",
      "time": "22:45",
      "timestamp": 1747089900,
      "timezone": "UTC",
      "week": null,
      "status": {
        "long": "Not Started",
        "short": "NS"
      },
      "country": {
        "id": 1,
        "name": "USA",
        "code": "US",
        "flag": "https://media.api-sports.io/flags/us.svg"
      },
      "league": {
        "id": 1,
        "name": "MLB",
        "type": "League",
        "logo": "https://media.api-sports.io/baseball/leagues/1.png",
        "season": 2025
      },
      "teams": {
        "home": {
          "id": 27,
          "name": "Philadelphia Phillies",
          "logo": "https://media.api-sports.io/baseball/teams/27.png"
        },
        "away": {
          "id": 33,
          "name": "St.Louis Cardinals",
          "logo": "https://media.api-sports.io/baseball/teams/33.png"
        }
      },
      "scores": {
        "home": {
          "hits": null,
          "errors": null,
          "innings": {
            "1": null,
            "2": null,
            "3": null,
            "4": null,
            "5": null,
            "6": null,
            "7": null,
            "8": null,
            "9": null,
            "extra": null
          },
          "total": null
        },
        "away": {
          "hits": null,
          "errors": null,
          "innings": {
            "1": null,
            "2": null,
            "3": null,
            "4": null,
            "5": null,
            "6": null,
            "7": null,
            "8": null,
            "9": null,
            "extra": null
          },
          "total": null
        }
      }
    },
    {
      "id": 163891,
      "date": "2025-05-12T23:10:00+00:00",
      "time": "23:10",
      "timestamp": 1747091400,
      "timezone": "UTC",
      "week": null,
      "status": {
        "long": "Not Started",
        "short": "NS"
      },
      "country": {
        "id": 1,
        "name": "USA",
        "code": "US",
        "flag": "https://media.api-sports.io/flags/us.svg"
      },
      "league": {
        "id": 1,
        "name": "MLB",
        "type": "League",
        "logo": "https://media.api-sports.io/baseball/leagues/1.png",
        "season": 2025
      },
      "teams": {
        "home": {
          "id": 24,
          "name": "New York Mets",
          "logo": "https://media.api-sports.io/baseball/teams/24.png"
        },
        "away": {
          "id": 28,
          "name": "Pittsburgh Pirates",
          "logo": "https://media.api-sports.io/baseball/teams/28.png"
        }
      },
      "scores": {
        "home": {
          "hits": null,
          "errors": null,
          "innings": {
            "1": null,
            "2": null,
            "3": null,
            "4": null,
            "5": null,
            "6": null,
            "7": null,
            "8": null,
            "9": null,
            "extra": null
          },
          "total": null
        },
        "away": {
          "hits": null,
          "errors": null,
          "innings": {
            "1": null,
            "2": null,
            "3": null,
            "4": null,
            "5": null,
            "6": null,
            "7": null,
            "8": null,
            "9": null,
            "extra": null
          },
          "total": null
        }
      }
    },
    {
      "id": 163894,
      "date": "2025-05-12T23:15:00+00:00",
      "time": "23:15",
      "timestamp": 1747091700,
      "timezone": "UTC",
      "week": null,
      "status": {
        "long": "Not Started",
        "short": "NS"
      },
      "country": {
        "id": 1,
        "name": "USA",
        "code": "US",
        "flag": "https://media.api-sports.io/flags/us.svg"
      },
      "league": {
        "id": 1,
        "name": "MLB",
        "type": "League",
        "logo": "https://media.api-sports.io/baseball/leagues/1.png",
        "season": 2025
      },
      "teams": {
        "home": {
          "id": 3,
          "name": "Atlanta Braves",
          "logo": "https://media.api-sports.io/baseball/teams/3.png"
        },
        "away": {
          "id": 37,
          "name": "Washington Nationals",
          "logo": "https://media.api-sports.io/baseball/teams/37.png"
        }
      },
      "scores": {
        "home": {
          "hits": null,
          "errors": null,
          "innings": {
            "1": null,
            "2": null,
            "3": null,
            "4": null,
            "5": null,
            "6": null,
            "7": null,
            "8": null,
            "9": null,
            "extra": null
          },
          "total": null
        },
        "away": {
          "hits": null,
          "errors": null,
          "innings": {
            "1": null,
            "2": null,
            "3": null,
            "4": null,
            "5": null,
            "6": null,
            "7": null,
            "8": null,
            "9": null,
            "extra": null
          },
          "total": null
        }
      }
    },
    {
      "id": 163901,
      "date": "2025-05-12T23:40:00+00:00",
      "time": "23:40",
      "timestamp": 1747093200,
      "timezone": "UTC",
      "week": null,
      "status": {
        "long": "Not Started",
        "short": "NS"
      },
      "country": {
        "id": 1,
        "name": "USA",
        "code": "US",
        "flag": "https://media.api-sports.io/flags/us.svg"
      },
      "league": {
        "id": 1,
        "name": "MLB",
        "type": "League",
        "logo": "https://media.api-sports.io/baseball/leagues/1.png",
        "season": 2025
      },
      "teams": {
        "home": {
          "id": 6,
          "name": "Chicago Cubs",
          "logo": "https://media.api-sports.io/baseball/teams/6.png"
        },
        "away": {
          "id": 19,
          "name": "Miami Marlins",
          "logo": "https://media.api-sports.io/baseball/teams/19.png"
        }
      },
      "scores": {
        "home": {
          "hits": null,
          "errors": null,
          "innings": {
            "1": null,
            "2": null,
            "3": null,
            "4": null,
            "5": null,
            "6": null,
            "7": null,
            "8": null,
            "9": null,
            "extra": null
          },
          "total": null
        },
        "away": {
          "hits": null,
          "errors": null,
          "innings": {
            "1": null,
            "2": null,
            "3": null,
            "4": null,
            "5": null,
            "6": null,
            "7": null,
            "8": null,
            "9": null,
            "extra": null
          },
          "total": null
        }
      }
    }
  ]
}